#SET,CLUID,PDB,MUT,DDG,pH,T,ID,DIR/INV 
TEST_KORPM,1AMQA,1AMQA,C191Y,-2.30,7.50,25.00,1,DIR
TEST_KORPM,1AMQA,1QIRA,Y191C,2.30,7.50,25.00,1,INV
TEST_KORPM,1AMQA,1AMQA,C191F,-1.60,7.50,25.00,2,DIR
TEST_KORPM,1AMQA,1QISA,F191C,1.60,7.50,25.00,2,INV
TEST_KORPM,1AMQA,1AMQA,C191W,-3.90,7.50,25.00,3,DIR
TEST_KORPM,1AMQA,1QITA,W191C,3.90,7.50,25.00,3,INV
TEST_KORPM,1AMQA,1AMQA,C191S,-1.90,7.50,25.00,4,DIR
TEST_KORPM,1AMQA,5EAAA,S191C,1.90,7.50,25.00,4,INV
TEST_KORPM,1CEYA,1CEYA,D12A,2.50,7.00,25.00,18,DIR
TEST_KORPM,1CEYA,1E6KA,A12D,-2.50,7.00,25.00,18,INV
TEST_KORPM,1CEYA,1CEYA,D13A,2.70,7.00,25.00,19,DIR
TEST_KORPM,1CEYA,1E6LA,A13D,-2.70,7.00,25.00,19,INV
TEST_KORPM,1CEYA,1CEYA,D57A,3.30,7.00,25.00,20,DIR
TEST_KORPM,1CEYA,1E6MA,A57D,-3.30,7.00,25.00,20,INV
TEST_KORPM,1A5EA,1IHBA,F71N,0.70,7.50,23.00,49,DIR
TEST_KORPM,1A5EA,1MX2A,N71F,-0.70,7.50,23.00,49,INV
TEST_KORPM,1A5EA,1IHBA,F82Q,-0.40,7.50,23.00,50,DIR
TEST_KORPM,1A5EA,1MX4A,Q82F,0.40,7.50,23.00,50,INV
TEST_KORPM,1A5EA,1IHBA,F92N,-1.10,7.50,23.00,51,DIR
TEST_KORPM,1A5EA,1MX6A,N92F,1.10,7.50,23.00,51,INV
TEST_KORPM,1IOBA,1IOBA,T9G,-2.60,6.50,25.00,52,DIR
TEST_KORPM,1IOBA,1HIBA,G9T,2.60,6.50,25.00,52,INV
TEST_KORPM,1OH0A,1OH0A,Y32F,0.20,7.00,25.00,232,DIR
TEST_KORPM,1OH0A,1DMQA,F32Y,-0.20,7.00,25.00,232,INV
TEST_KORPM,1OH0A,1OH0A,Y57F,-1.20,7.00,25.00,233,DIR
TEST_KORPM,1OH0A,1DMMA,F57Y,1.20,7.00,25.00,233,INV
TEST_KORPM,1RN1C,1RN1C,Q25K,0.93,7.00,25.00,234,DIR
TEST_KORPM,1RN1C,1RGCA,K25Q,-0.93,7.00,25.00,234,INV
TEST_KORPM,1VQBA,1VQBA,I47L,-0.40,7.10,25.00,235,DIR
TEST_KORPM,1VQBA,1VQGA,L47I,0.40,7.10,25.00,235,INV
TEST_KORPM,1VQBA,1VQBA,I47M,-1.70,7.10,25.00,236,DIR
TEST_KORPM,1VQBA,1VQHA,M47I,1.70,7.10,25.00,236,INV
TEST_KORPM,1VQBA,1VQBA,I47V,-2.00,7.10,25.00,237,DIR
TEST_KORPM,1VQBA,1VQIA,V47I,2.00,7.10,25.00,237,INV
TEST_KORPM,1VQBA,1VQBA,V35I,-0.60,7.10,25.00,238,DIR
TEST_KORPM,1VQBA,1VQJA,I35V,0.60,7.10,25.00,238,INV
TEST_KORPM,1VQBA,1VQBA,Y41F,-3.20,7.10,25.00,239,DIR
TEST_KORPM,1VQBA,1YHBA,F41Y,3.20,7.10,25.00,239,INV
TEST_KORPM,2RN2A,2RN2A,D10N,0.90,6.00,50.00,306,DIR
TEST_KORPM,2RN2A,1RDAA,N10D,-0.90,6.00,50.00,306,INV
TEST_KORPM,2RN2A,2RN2A,E48Q,0.20,6.00,50.00,307,DIR
TEST_KORPM,2RN2A,1RDBA,Q48E,-0.20,6.00,50.00,307,INV
TEST_KORPM,2RN2A,2RN2A,A52F,-0.50,3.20,53.00,308,DIR
TEST_KORPM,2RN2A,3AA5X,F52A,0.50,3.20,53.00,308,INV
TEST_KORPM,2RN2A,2RN2A,A52I,1.90,3.20,53.00,309,DIR
TEST_KORPM,2RN2A,3AA2A,I52A,-1.90,3.20,53.00,309,INV
TEST_KORPM,2RN2A,2RN2A,A52L,1.30,3.20,53.00,310,DIR
TEST_KORPM,2RN2A,3AA3A,L52A,-1.30,3.20,53.00,310,INV
TEST_KORPM,2RN2A,2RN2A,A52V,1.70,3.20,53.00,311,DIR
TEST_KORPM,2RN2A,3AA4A,V52A,-1.70,3.20,53.00,311,INV
TEST_KORPM,2RN2A,2RN2A,H62A,0.40,5.50,25.00,312,DIR
TEST_KORPM,2RN2A,1RBSA,A62H,-0.40,5.50,25.00,312,INV
TEST_KORPM,2RN2A,2RN2A,H62P,1.10,5.50,25.00,313,DIR
TEST_KORPM,2RN2A,1RBRA,P62H,-1.10,5.50,25.00,313,INV
TEST_KORPM,2RN2A,2RN2A,D70N,0.90,6.00,50.00,314,DIR
TEST_KORPM,2RN2A,1RDCA,N70D,-0.90,6.00,50.00,314,INV
TEST_KORPM,2RN2A,2RN2A,V74L,1.00,5.50,53.00,315,DIR
TEST_KORPM,2RN2A,1LAVA,L74V,-1.00,5.50,53.00,315,INV
TEST_KORPM,2RN2A,2RN2A,V74I,0.60,5.50,53.00,316,DIR
TEST_KORPM,2RN2A,1LAWA,I74V,-0.60,5.50,53.00,316,INV
TEST_KORPM,2RN2A,2RN2A,G77A,-0.90,3.00,50.00,317,DIR
TEST_KORPM,2RN2A,1GOBA,A77G,0.90,3.00,50.00,317,INV
TEST_KORPM,2RN2A,2RN2A,K95A,0.10,5.50,52.00,318,DIR
TEST_KORPM,2RN2A,1RBVA,A95K,-0.10,5.50,52.00,318,INV
TEST_KORPM,2RN2A,2RN2A,K95G,1.90,5.50,52.00,319,DIR
TEST_KORPM,2RN2A,1RBTA,G95K,-1.90,5.50,52.00,319,INV
TEST_KORPM,2RN2A,2RN2A,K95N,0.90,5.50,52.00,320,DIR
TEST_KORPM,2RN2A,1RBUA,N95K,-0.90,5.50,52.00,320,INV
TEST_KORPM,2RN2A,2RN2A,D134A,2.10,5.50,50.00,321,DIR
TEST_KORPM,2RN2A,1KVAA,A134D,-2.10,5.50,50.00,321,INV
TEST_KORPM,2RN2A,2RN2A,D134H,2.30,5.50,50.00,322,DIR
TEST_KORPM,2RN2A,1KVBA,H134D,-2.30,5.50,50.00,322,INV
TEST_KORPM,2RN2A,2RN2A,D134N,1.00,5.50,50.00,323,DIR
TEST_KORPM,2RN2A,1KVCA,N134D,-1.00,5.50,50.00,323,INV
TEST_KORPM,1BPIA,5PTIA,F22A,-1.20,2.00,25.00,338,DIR
TEST_KORPM,1BPIA,1BTIA,A22F,1.20,2.00,25.00,338,INV
TEST_KORPM,1BPIA,5PTIA,Y23A,-5.90,2.00,25.00,339,DIR
TEST_KORPM,1BPIA,1BPTA,A23Y,5.90,2.00,25.00,339,INV
TEST_KORPM,1BPIA,5PTIA,Y35G,-5.00,2.00,25.00,340,DIR
TEST_KORPM,1BPIA,8PTIA,G35Y,5.00,2.00,25.00,340,INV
TEST_KORPM,1BPIA,5PTIA,N43G,-5.70,2.00,25.00,341,DIR
TEST_KORPM,1BPIA,1NAGA,G43N,5.70,2.00,25.00,341,INV
TEST_KORPM,1BPIA,5PTIA,F45A,-6.90,2.00,25.00,342,DIR
TEST_KORPM,1BPIA,1FANA,A45F,6.90,2.00,25.00,342,INV
TEST_KORPM,1BNIA,1BNIA,F7L,-4.10,6.20,25.00,5,DIR
TEST_KORPM,1BNIA,1BRGA,L7F,4.10,6.20,25.00,5,INV
TEST_KORPM,1BNIA,1BNIA,L14A,-4.50,6.30,25.00,6,DIR
TEST_KORPM,1BNIA,1BRHA,A14L,4.50,6.30,25.00,6,INV
TEST_KORPM,1BNIA,1BNIA,T26A,-1.70,6.30,25.00,7,DIR
TEST_KORPM,1BNIA,1BNSA,A26T,1.70,6.30,25.00,7,INV
TEST_KORPM,1BNIA,1BNIA,I51V,-1.10,6.30,25.00,8,DIR
TEST_KORPM,1BNIA,1BSAA,V51I,1.10,6.30,25.00,8,INV
TEST_KORPM,1BNIA,1BNIA,I76A,-1.70,6.30,25.00,9,DIR
TEST_KORPM,1BNIA,1BRIA,A76I,1.70,6.30,25.00,9,INV
TEST_KORPM,1BNIA,1BNIA,I76V,-1.00,6.30,25.00,10,DIR
TEST_KORPM,1BNIA,1BSBA,V76I,1.00,6.30,25.00,10,INV
TEST_KORPM,1BNIA,1BNIA,Y78F,-1.10,6.30,25.00,11,DIR
TEST_KORPM,1BNIA,1BAOA,F78Y,1.10,6.30,25.00,11,INV
TEST_KORPM,1BNIA,1BNIA,I88A,-4.00,6.30,25.00,12,DIR
TEST_KORPM,1BNIA,1BRJA,A88I,4.00,6.30,25.00,12,INV
TEST_KORPM,1BNIA,1BNIA,I88V,-1.60,6.30,25.00,13,DIR
TEST_KORPM,1BNIA,1BSCA,V88I,1.60,6.30,25.00,13,INV
TEST_KORPM,1BNIA,1BNIA,L89V,-0.50,6.30,25.00,14,DIR
TEST_KORPM,1BNIA,1BSEA,V89L,0.50,6.30,25.00,14,INV
TEST_KORPM,1BNIA,1BNIA,S91A,-1.80,6.30,25.00,15,DIR
TEST_KORPM,1BNIA,1BANA,A91S,1.80,6.30,25.00,15,INV
TEST_KORPM,1BNIA,1BNIA,I96A,-3.20,6.30,25.00,16,DIR
TEST_KORPM,1BNIA,1BRKA,A96I,3.20,6.30,25.00,16,INV
TEST_KORPM,1BNIA,1BNIA,I96V,-0.90,6.30,25.00,17,DIR
TEST_KORPM,1BNIA,1BSDA,V96I,0.90,6.30,25.00,17,INV
TEST_KORPM,1EY0A,1EY0A,T22C,-0.90,7.00,20.00,21,DIR
TEST_KORPM,1EY0A,2EXZA,C22T,0.90,7.00,20.00,21,INV
TEST_KORPM,1EY0A,1EY0A,T22V,-0.90,7.00,20.00,22,DIR
TEST_KORPM,1EY0A,2EY1A,V22T,0.90,7.00,20.00,22,INV
TEST_KORPM,1EY0A,1EY0A,V23L,-0.10,7.00,20.00,23,DIR
TEST_KORPM,1EY0A,2F0EA,L23V,0.10,7.00,20.00,23,INV
TEST_KORPM,1EY0A,1EY0A,L25I,-1.70,7.00,20.00,24,DIR
TEST_KORPM,1EY0A,2F0FA,I25L,1.70,7.00,20.00,24,INV
TEST_KORPM,1EY0A,1EY0A,T33V,0.40,7.00,20.00,25,DIR
TEST_KORPM,1EY0A,1EY5A,V33T,-0.40,7.00,20.00,25,INV
TEST_KORPM,1EY0A,1EY0A,T41C,0.60,7.00,20.00,26,DIR
TEST_KORPM,1EY0A,2EY2A,C41T,-0.60,7.00,20.00,26,INV
TEST_KORPM,1EY0A,1EY0A,T41I,0.70,7.00,20.00,27,DIR
TEST_KORPM,1EY0A,1EY6A,I41T,-0.70,7.00,20.00,27,INV
TEST_KORPM,1EY0A,1EY0A,T41S,-1.10,7.00,20.00,28,DIR
TEST_KORPM,1EY0A,2EY5A,S41T,1.10,7.00,20.00,28,INV
TEST_KORPM,1EY0A,1EY0A,T41V,0.80,7.00,20.00,29,DIR
TEST_KORPM,1EY0A,2EY6A,V41T,-0.80,7.00,20.00,29,INV
TEST_KORPM,1EY0A,1EY0A,T44V,0.10,7.00,20.00,30,DIR
TEST_KORPM,1EY0A,2EYFA,V44T,-0.10,7.00,20.00,30,INV
TEST_KORPM,1EY0A,1EY0A,S59A,0.50,7.00,20.00,31,DIR
TEST_KORPM,1EY0A,1EY4A,A59S,-0.50,7.00,20.00,31,INV
TEST_KORPM,1EY0A,1EY0A,T62S,-2.10,7.00,20.00,32,DIR
TEST_KORPM,1EY0A,2EYHA,S62T,2.10,7.00,20.00,32,INV
TEST_KORPM,1EY0A,1EY0A,T62V,-0.20,7.00,20.00,33,DIR
TEST_KORPM,1EY0A,2EYJA,V62T,0.20,7.00,20.00,33,INV
TEST_KORPM,1EY0A,1EY0A,V66I,-1.00,7.00,20.00,34,DIR
TEST_KORPM,1EY0A,2F0GA,I66V,1.00,7.00,20.00,34,INV
TEST_KORPM,1EY0A,1EY0A,V66L,-0.30,7.00,20.00,35,DIR
TEST_KORPM,1EY0A,2F0HA,L66V,0.30,7.00,20.00,35,INV
TEST_KORPM,1EY0A,1EY0A,V66K,-7.50,7.00,20.00,36,DIR
TEST_KORPM,1EY0A,2SNMA,K66V,7.50,7.00,20.00,36,INV
TEST_KORPM,1EY0A,1EY0A,I72L,-0.20,7.00,20.00,37,DIR
TEST_KORPM,1EY0A,2F0IA,L72I,0.20,7.00,20.00,37,INV
TEST_KORPM,1EY0A,1EY0A,I72V,-1.20,7.00,20.00,38,DIR
TEST_KORPM,1EY0A,2F0JA,V72I,1.20,7.00,20.00,38,INV
TEST_KORPM,1EY0A,1EY0A,T82S,-0.70,7.00,20.00,39,DIR
TEST_KORPM,1EY0A,2EYLA,S82T,0.70,7.00,20.00,39,INV
TEST_KORPM,1EY0A,1EY0A,I92V,-0.40,7.00,20.00,40,DIR
TEST_KORPM,1EY0A,2F0DA,V92I,0.40,7.00,20.00,40,INV
TEST_KORPM,1EY0A,1EY0A,K116G,1.00,7.00,20.00,41,DIR
TEST_KORPM,1EY0A,1KABA,G116K,-1.00,7.00,20.00,41,INV
TEST_KORPM,1EY0A,1EY0A,P117A,0.80,7.00,20.00,42,DIR
TEST_KORPM,1EY0A,1SYGA,A117P,-0.80,7.00,20.00,42,INV
TEST_KORPM,1EY0A,1EY0A,P117G,0.90,7.00,20.00,43,DIR
TEST_KORPM,1EY0A,1SYCA,G117P,-0.90,7.00,20.00,43,INV
TEST_KORPM,1EY0A,1EY0A,P117T,1.10,7.00,0.00,44,DIR
TEST_KORPM,1EY0A,1SYEA,T117P,-1.10,7.00,0.00,44,INV
TEST_KORPM,1EY0A,1EY0A,T120C,-1.70,7.00,20.00,45,DIR
TEST_KORPM,1EY0A,2EYMA,C120T,1.70,7.00,20.00,45,INV
TEST_KORPM,1EY0A,1EY0A,T120S,-0.60,7.00,20.00,46,DIR
TEST_KORPM,1EY0A,2EYOA,S120T,0.60,7.00,20.00,46,INV
TEST_KORPM,1EY0A,1EY0A,T120V,-1.80,7.00,20.00,47,DIR
TEST_KORPM,1EY0A,2EYPA,V120T,1.80,7.00,20.00,47,INV
TEST_KORPM,1EY0A,1EY0A,S128A,0.70,7.00,20.00,48,DIR
TEST_KORPM,1EY0A,1EY7A,A128S,-0.70,7.00,20.00,48,INV
TEST_KORPM,2LZMA,1L63A,M6A,-1.90,3.00,44.00,53,DIR
TEST_KORPM,2LZMA,245LA,A6M,1.90,3.00,44.00,53,INV
TEST_KORPM,2LZMA,1L63A,M6L,-2.80,3.00,44.00,54,DIR
TEST_KORPM,2LZMA,230LA,L6M,2.80,3.00,44.00,54,INV
TEST_KORPM,2LZMA,1L63A,E11H,0.10,5.40,65.00,55,DIR
TEST_KORPM,2LZMA,1QT6A,H11E,-0.10,5.40,65.00,55,INV
TEST_KORPM,2LZMA,1L63A,E11N,-0.10,5.40,65.00,56,DIR
TEST_KORPM,2LZMA,1QT7A,N11E,0.10,5.40,65.00,56,INV
TEST_KORPM,2LZMA,1L63A,I17A,-2.70,3.00,44.00,57,DIR
TEST_KORPM,2LZMA,239LA,A17I,2.70,3.00,44.00,57,INV
TEST_KORPM,2LZMA,1L63A,D20A,-0.30,5.40,65.00,58,DIR
TEST_KORPM,2LZMA,253LA,A20D,0.30,5.40,65.00,58,INV
TEST_KORPM,2LZMA,1L63A,D20N,1.30,5.40,65.00,59,DIR
TEST_KORPM,2LZMA,255LA,N20D,-1.30,5.40,65.00,59,INV
TEST_KORPM,2LZMA,1L63A,D20S,0.70,5.40,65.00,60,DIR
TEST_KORPM,2LZMA,254LA,S20D,-0.70,5.40,65.00,60,INV
TEST_KORPM,2LZMA,1L63A,I27A,-3.10,3.00,44.00,61,DIR
TEST_KORPM,2LZMA,240LA,A27I,3.10,3.00,44.00,61,INV
TEST_KORPM,2LZMA,1L63A,I27M,-3.10,5.40,65.00,62,DIR
TEST_KORPM,2LZMA,1D2WA,M27I,3.10,5.40,65.00,62,INV
TEST_KORPM,2LZMA,1L63A,I29A,-2.60,3.00,44.00,63,DIR
TEST_KORPM,2LZMA,241LA,A29I,2.60,3.00,44.00,63,INV
TEST_KORPM,2LZMA,1L63A,S38N,-0.01,6.70,62.00,64,DIR
TEST_KORPM,2LZMA,1L61A,N38S,0.01,6.70,62.00,64,INV
TEST_KORPM,2LZMA,1L63A,A41S,-0.60,3.00,52.00,65,DIR
TEST_KORPM,2LZMA,120LA,S41A,0.60,3.00,52.00,65,INV
TEST_KORPM,2LZMA,1L63A,A42V,-2.70,3.00,40.00,66,DIR
TEST_KORPM,2LZMA,1QTBA,V42A,2.70,3.00,40.00,66,INV
TEST_KORPM,2LZMA,1L63A,A42S,-2.30,3.00,52.00,67,DIR
TEST_KORPM,2LZMA,206LA,S42A,2.30,3.00,52.00,67,INV
TEST_KORPM,2LZMA,1L63A,K43A,-1.00,6.70,62.00,68,DIR
TEST_KORPM,2LZMA,1L66A,A43K,1.00,6.70,62.00,68,INV
TEST_KORPM,2LZMA,1L63A,S44A,0.30,6.70,62.00,69,DIR
TEST_KORPM,2LZMA,1L68A,A44S,-0.30,6.70,62.00,69,INV
TEST_KORPM,2LZMA,1L63A,S44I,0.30,3.00,52.00,70,DIR
TEST_KORPM,2LZMA,108LA,I44S,-0.30,3.00,52.00,70,INV
TEST_KORPM,2LZMA,1L63A,S44L,0.40,3.00,52.00,71,DIR
TEST_KORPM,2LZMA,110LA,L44S,-0.40,3.00,52.00,71,INV
TEST_KORPM,2LZMA,1L63A,S44K,0.20,3.00,52.00,72,DIR
TEST_KORPM,2LZMA,109LA,K44S,-0.20,3.00,52.00,72,INV
TEST_KORPM,2LZMA,1L63A,S44E,0.00,3.00,52.00,73,DIR
TEST_KORPM,2LZMA,217LA,E44S,0.00,3.00,52.00,73,INV
TEST_KORPM,2LZMA,1L63A,S44G,-0.50,3.00,52.00,74,DIR
TEST_KORPM,2LZMA,107LA,G44S,0.50,3.00,52.00,74,INV
TEST_KORPM,2LZMA,1L63A,S44R,0.20,3.00,52.00,75,DIR
TEST_KORPM,2LZMA,113LA,R44S,-0.20,3.00,52.00,75,INV
TEST_KORPM,2LZMA,1L63A,S44N,-0.10,3.00,52.00,76,DIR
TEST_KORPM,2LZMA,111LA,N44S,0.10,3.00,52.00,76,INV
TEST_KORPM,2LZMA,1L63A,S44F,0.10,3.00,52.00,77,DIR
TEST_KORPM,2LZMA,137LA,F44S,-0.10,3.00,52.00,77,INV
TEST_KORPM,2LZMA,1L63A,S44P,-3.00,3.00,52.00,78,DIR
TEST_KORPM,2LZMA,112LA,P44S,3.00,3.00,52.00,78,INV
TEST_KORPM,2LZMA,1L63A,S44T,0.01,3.00,52.00,79,DIR
TEST_KORPM,2LZMA,114LA,T44S,-0.01,3.00,52.00,79,INV
TEST_KORPM,2LZMA,1L63A,S44V,0.10,3.00,52.00,80,DIR
TEST_KORPM,2LZMA,115LA,V44S,-0.10,3.00,52.00,80,INV
TEST_KORPM,2LZMA,1L63A,L46A,-1.90,6.70,62.00,81,DIR
TEST_KORPM,2LZMA,1L67A,A46L,1.90,6.70,62.00,81,INV
TEST_KORPM,2LZMA,1L63A,D47A,-1.00,6.70,62.00,82,DIR
TEST_KORPM,2LZMA,1L65A,A47D,1.00,6.70,62.00,82,INV
TEST_KORPM,2LZMA,1L63A,A49S,-0.50,3.00,52.00,83,DIR
TEST_KORPM,2LZMA,221LA,S49A,0.50,3.00,52.00,83,INV
TEST_KORPM,2LZMA,1L63A,I50A,-2.00,3.00,44.00,84,DIR
TEST_KORPM,2LZMA,242LA,A50I,2.00,3.00,44.00,84,INV
TEST_KORPM,2LZMA,1L63A,I50M,-0.40,5.40,65.00,85,DIR
TEST_KORPM,2LZMA,1D2YA,M50I,0.40,5.40,65.00,85,INV
TEST_KORPM,2LZMA,1L63A,I58A,-3.20,3.00,44.00,86,DIR
TEST_KORPM,2LZMA,243LA,A58I,3.20,3.00,44.00,86,INV
TEST_KORPM,2LZMA,1L63A,I58T,-3.40,5.40,65.00,87,DIR
TEST_KORPM,2LZMA,1G1VA,T58I,3.40,5.40,65.00,87,INV
TEST_KORPM,2LZMA,1L63A,T59A,-1.50,6.50,63.00,88,DIR
TEST_KORPM,2LZMA,1LYJA,A59T,1.50,6.50,63.00,88,INV
TEST_KORPM,2LZMA,1L63A,T59D,-1.20,6.50,63.00,89,DIR
TEST_KORPM,2LZMA,1LYIA,D59T,1.20,6.50,63.00,89,INV
TEST_KORPM,2LZMA,1L63A,T59G,-1.60,6.50,63.00,90,DIR
TEST_KORPM,2LZMA,1LYHA,G59T,1.60,6.50,63.00,90,INV
TEST_KORPM,2LZMA,1L63A,T59N,-1.10,6.50,63.00,91,DIR
TEST_KORPM,2LZMA,1LYGA,N59T,1.10,6.50,63.00,91,INV
TEST_KORPM,2LZMA,1L63A,T59S,-0.20,6.50,63.00,92,DIR
TEST_KORPM,2LZMA,1LYFA,S59T,0.20,6.50,63.00,92,INV
TEST_KORPM,2LZMA,1L63A,T59V,-1.50,6.50,63.00,93,DIR
TEST_KORPM,2LZMA,1LYEA,V59T,1.50,6.50,63.00,93,INV
TEST_KORPM,2LZMA,1L63A,L66M,-1.00,5.40,65.00,94,DIR
TEST_KORPM,2LZMA,1D3JA,M66L,1.00,5.40,65.00,94,INV
TEST_KORPM,2LZMA,1L63A,F67A,-1.90,3.00,44.00,95,DIR
TEST_KORPM,2LZMA,246LA,A67F,1.90,3.00,44.00,95,INV
TEST_KORPM,2LZMA,1L63A,D72P,-2.70,6.50,63.00,96,DIR
TEST_KORPM,2LZMA,1L76A,P72D,2.70,6.50,63.00,96,INV
TEST_KORPM,2LZMA,1L63A,A73S,-0.40,3.00,52.00,97,DIR
TEST_KORPM,2LZMA,122LA,S73A,0.40,3.00,52.00,97,INV
TEST_KORPM,2LZMA,1L63A,V75T,-1.30,3.00,52.00,98,DIR
TEST_KORPM,2LZMA,127LA,T75V,1.30,3.00,52.00,98,INV
TEST_KORPM,2LZMA,1L63A,I78A,-1.20,5.40,65.00,99,DIR
TEST_KORPM,2LZMA,1CTWA,A78I,1.20,5.40,65.00,99,INV
TEST_KORPM,2LZMA,1L63A,I78M,-1.50,5.40,65.00,100,DIR
TEST_KORPM,2LZMA,1CU0A,M78I,1.50,5.40,65.00,100,INV
TEST_KORPM,2LZMA,1L63A,I78V,-0.80,5.40,61.00,101,DIR
TEST_KORPM,2LZMA,1P2RA,V78I,0.80,5.40,61.00,101,INV
TEST_KORPM,2LZMA,1L63A,A82S,-0.30,3.00,52.00,102,DIR
TEST_KORPM,2LZMA,123LA,S82A,0.30,3.00,52.00,102,INV
TEST_KORPM,2LZMA,1L63A,L84A,-2.60,3.00,44.00,103,DIR
TEST_KORPM,2LZMA,247LA,A84L,2.60,3.00,44.00,103,INV
TEST_KORPM,2LZMA,1L63A,L84M,-1.90,5.40,65.00,104,DIR
TEST_KORPM,2LZMA,1CU2A,M84L,1.90,5.40,65.00,104,INV
TEST_KORPM,2LZMA,1L63A,V87A,-1.70,3.00,44.00,105,DIR
TEST_KORPM,2LZMA,236LA,A87V,1.70,3.00,44.00,105,INV
TEST_KORPM,2LZMA,1L63A,V87M,-2.30,5.40,65.00,106,DIR
TEST_KORPM,2LZMA,1CU3A,M87V,2.30,5.40,65.00,106,INV
TEST_KORPM,2LZMA,1L63A,V87I,-0.30,5.40,61.00,107,DIR
TEST_KORPM,2LZMA,1P2LA,I87V,0.30,5.40,61.00,107,INV
TEST_KORPM,2LZMA,1L63A,V87T,-1.60,3.00,52.00,108,DIR
TEST_KORPM,2LZMA,128LA,T87V,1.60,3.00,52.00,108,INV
TEST_KORPM,2LZMA,1L63A,L91A,-2.60,3.00,44.00,109,DIR
TEST_KORPM,2LZMA,1CU6A,A91L,2.60,3.00,44.00,109,INV
TEST_KORPM,2LZMA,1L63A,L91M,-0.80,5.40,59.00,110,DIR
TEST_KORPM,2LZMA,1CU5A,M91L,0.80,5.40,59.00,110,INV
TEST_KORPM,2LZMA,1L63A,D92N,-1.40,6.70,62.00,111,DIR
TEST_KORPM,2LZMA,1L55A,N92D,1.40,6.70,62.00,111,INV
TEST_KORPM,2LZMA,1L63A,A93S,-0.20,3.00,52.00,112,DIR
TEST_KORPM,2LZMA,224LA,S93A,0.20,3.00,52.00,112,INV
TEST_KORPM,2LZMA,1L63A,A98C,-1.00,3.00,40.00,113,DIR
TEST_KORPM,2LZMA,1QSBA,C98A,1.00,3.00,40.00,113,INV
TEST_KORPM,2LZMA,1L63A,A98L,-4.30,3.00,40.00,114,DIR
TEST_KORPM,2LZMA,1QS5A,L98A,4.30,3.00,40.00,114,INV
TEST_KORPM,2LZMA,1L63A,A98S,-2.50,3.00,52.00,115,DIR
TEST_KORPM,2LZMA,125LA,S98A,2.50,3.00,52.00,115,INV
TEST_KORPM,2LZMA,1L63A,A98V,-3.20,3.00,40.00,116,DIR
TEST_KORPM,2LZMA,1QS9A,V98A,3.20,3.00,40.00,116,INV
TEST_KORPM,2LZMA,1L63A,L99A,-4.50,5.70,65.00,117,DIR
TEST_KORPM,2LZMA,1L90A,A99L,4.50,5.70,65.00,117,INV
TEST_KORPM,2LZMA,1L63A,L99F,-0.30,5.70,65.00,118,DIR
TEST_KORPM,2LZMA,1L91A,F99L,0.30,5.70,65.00,118,INV
TEST_KORPM,2LZMA,1L63A,L99I,-1.50,5.70,65.00,119,DIR
TEST_KORPM,2LZMA,1L92A,I99L,1.50,5.70,65.00,119,INV
TEST_KORPM,2LZMA,1L63A,L99M,-0.60,5.70,65.00,120,DIR
TEST_KORPM,2LZMA,1L93A,M99L,0.60,5.70,65.00,120,INV
TEST_KORPM,2LZMA,1L63A,L99V,-2.00,5.70,65.00,121,DIR
TEST_KORPM,2LZMA,1L94A,V99L,2.00,5.70,65.00,121,INV
TEST_KORPM,2LZMA,1L63A,I100A,-3.40,3.00,44.00,122,DIR
TEST_KORPM,2LZMA,244LA,A100I,3.40,3.00,44.00,122,INV
TEST_KORPM,2LZMA,1L63A,I100M,-1.60,5.40,65.00,123,DIR
TEST_KORPM,2LZMA,1CUPA,M100I,1.60,5.40,65.00,123,INV
TEST_KORPM,2LZMA,1L63A,I100V,-0.40,5.40,61.00,124,DIR
TEST_KORPM,2LZMA,1P36A,V100I,0.40,5.40,61.00,124,INV
TEST_KORPM,2LZMA,1L63A,N101A,-1.50,5.40,59.00,125,DIR
TEST_KORPM,2LZMA,1I6SA,A101N,1.50,5.40,59.00,125,INV
TEST_KORPM,2LZMA,1L63A,M102L,-1.00,5.40,61.00,126,DIR
TEST_KORPM,2LZMA,1L77A,L102M,1.00,5.40,61.00,126,INV
TEST_KORPM,2LZMA,1L63A,V103A,-2.20,3.00,44.00,127,DIR
TEST_KORPM,2LZMA,238LA,A103V,2.20,3.00,44.00,127,INV
TEST_KORPM,2LZMA,1L63A,V103I,-0.50,5.40,61.00,128,DIR
TEST_KORPM,2LZMA,1P7SA,I103V,0.50,5.40,61.00,128,INV
TEST_KORPM,2LZMA,1L63A,V103M,-1.20,5.40,65.00,129,DIR
TEST_KORPM,2LZMA,1CUQA,M103V,1.20,5.40,65.00,129,INV
TEST_KORPM,2LZMA,1L63A,F104M,-0.40,5.40,65.00,130,DIR
TEST_KORPM,2LZMA,1CV0A,M104F,0.40,5.40,65.00,130,INV
TEST_KORPM,2LZMA,1L63A,Q105M,-1.20,5.40,59.00,131,DIR
TEST_KORPM,2LZMA,1G1WA,M105Q,1.20,5.40,59.00,131,INV
TEST_KORPM,2LZMA,1L63A,M106I,0.20,5.40,61.00,132,DIR
TEST_KORPM,2LZMA,1P46A,I106M,-0.20,5.40,61.00,132,INV
TEST_KORPM,2LZMA,1L63A,M106L,0.50,3.00,47.00,133,DIR
TEST_KORPM,2LZMA,234LA,L106M,-0.50,3.00,47.00,133,INV
TEST_KORPM,2LZMA,1L63A,M106K,-3.40,3.00,47.00,134,DIR
TEST_KORPM,2LZMA,231LA,K106M,3.40,3.00,47.00,134,INV
TEST_KORPM,2LZMA,1L63A,T109D,0.60,6.70,62.00,135,DIR
TEST_KORPM,2LZMA,1L62A,D109T,-0.60,6.70,62.00,135,INV
TEST_KORPM,2LZMA,1L63A,T109N,0.10,6.70,62.00,136,DIR
TEST_KORPM,2LZMA,1L59A,N109T,-0.10,6.70,62.00,136,INV
TEST_KORPM,2LZMA,1L63A,V111A,-1.30,3.00,44.00,137,DIR
TEST_KORPM,2LZMA,235LA,A111V,1.30,3.00,44.00,137,INV
TEST_KORPM,2LZMA,1L63A,V111I,-0.90,5.40,61.00,138,DIR
TEST_KORPM,2LZMA,2L78A,I111V,0.90,5.40,61.00,138,INV
TEST_KORPM,2LZMA,1L63A,V111M,-0.70,5.40,65.00,139,DIR
TEST_KORPM,2LZMA,1CV1A,M111V,0.70,5.40,65.00,139,INV
TEST_KORPM,2LZMA,1L63A,S117F,1.10,5.40,65.00,140,DIR
TEST_KORPM,2LZMA,1TLAA,F117S,-1.10,5.40,65.00,140,INV
TEST_KORPM,2LZMA,1L63A,L118A,-3.20,5.40,65.00,141,DIR
TEST_KORPM,2LZMA,1CVKA,A118L,3.20,5.40,65.00,141,INV
TEST_KORPM,2LZMA,1L63A,L118M,-0.70,5.40,65.00,142,DIR
TEST_KORPM,2LZMA,1CV4A,M118L,0.70,5.40,65.00,142,INV
TEST_KORPM,2LZMA,1L63A,M120L,0.50,3.00,47.00,143,DIR
TEST_KORPM,2LZMA,233LA,L120M,-0.50,3.00,47.00,143,INV
TEST_KORPM,2LZMA,1L63A,M120K,-1.60,3.00,47.00,144,DIR
TEST_KORPM,2LZMA,232LA,K120M,1.60,3.00,47.00,144,INV
TEST_KORPM,2LZMA,1L63A,M120Y,-0.10,5.40,61.00,145,DIR
TEST_KORPM,2LZMA,1P6YA,Y120M,0.10,5.40,61.00,145,INV
TEST_KORPM,2LZMA,1L63A,L121M,-0.80,5.40,65.00,146,DIR
TEST_KORPM,2LZMA,1CV3A,M121L,0.80,5.40,65.00,146,INV
TEST_KORPM,2LZMA,1L63A,A129F,-1.20,3.00,40.00,147,DIR
TEST_KORPM,2LZMA,1QTCA,F129A,1.20,3.00,40.00,147,INV
TEST_KORPM,2LZMA,1L63A,A129W,-2.20,3.00,40.00,148,DIR
TEST_KORPM,2LZMA,1QTDA,W129A,2.20,3.00,40.00,148,INV
TEST_KORPM,2LZMA,1L63A,A130S,-1.00,3.00,52.00,149,DIR
TEST_KORPM,2LZMA,118LA,S130A,1.00,3.00,52.00,149,INV
TEST_KORPM,2LZMA,1L63A,L133F,-0.30,5.40,61.00,150,DIR
TEST_KORPM,2LZMA,1P64A,F133L,0.30,5.40,61.00,150,INV
TEST_KORPM,2LZMA,1L63A,L133M,-0.40,5.40,59.00,151,DIR
TEST_KORPM,2LZMA,1CV5A,M133L,0.40,5.40,59.00,151,INV
TEST_KORPM,2LZMA,1L63A,A134S,-0.10,3.00,52.00,152,DIR
TEST_KORPM,2LZMA,119LA,S134A,0.10,3.00,52.00,152,INV
TEST_KORPM,2LZMA,1L63A,N144E,0.50,6.50,65.00,153,DIR
TEST_KORPM,2LZMA,1L39A,E144N,-0.50,6.50,65.00,153,INV
TEST_KORPM,2LZMA,1L63A,V149A,-3.20,3.00,44.00,154,DIR
TEST_KORPM,2LZMA,237LA,A149V,3.20,3.00,44.00,154,INV
TEST_KORPM,2LZMA,1L63A,V149C,-2.00,5.40,59.00,155,DIR
TEST_KORPM,2LZMA,1G07A,C149V,2.00,5.40,59.00,155,INV
TEST_KORPM,2LZMA,1L63A,V149G,-4.90,5.40,59.00,156,DIR
TEST_KORPM,2LZMA,1G0PA,G149V,4.90,5.40,59.00,156,INV
TEST_KORPM,2LZMA,1L63A,V149I,-0.10,5.40,59.00,157,DIR
TEST_KORPM,2LZMA,1G0QA,I149V,0.10,5.40,59.00,157,INV
TEST_KORPM,2LZMA,1L63A,V149M,-2.80,5.40,65.00,158,DIR
TEST_KORPM,2LZMA,1CV6A,M149V,2.80,5.40,65.00,158,INV
TEST_KORPM,2LZMA,1L63A,V149T,-2.80,3.00,52.00,159,DIR
TEST_KORPM,2LZMA,126LA,T149V,2.80,3.00,52.00,159,INV
TEST_KORPM,2LZMA,1L63A,V149S,-4.40,5.40,59.00,160,DIR
TEST_KORPM,2LZMA,1G06A,S149V,4.40,5.40,59.00,160,INV
TEST_KORPM,2LZMA,1L63A,T152A,-1.50,5.40,59.00,161,DIR
TEST_KORPM,2LZMA,1G0GA,A152T,1.50,5.40,59.00,161,INV
TEST_KORPM,2LZMA,1L63A,T152C,-0.50,5.40,59.00,162,DIR
TEST_KORPM,2LZMA,1G0KA,C152T,0.50,5.40,59.00,162,INV
TEST_KORPM,2LZMA,1L63A,T152I,-0.40,5.40,59.00,163,DIR
TEST_KORPM,2LZMA,1G0MA,I152T,0.40,5.40,59.00,163,INV
TEST_KORPM,2LZMA,1L63A,T152S,-2.00,5.40,59.00,164,DIR
TEST_KORPM,2LZMA,1G0JA,S152T,2.00,5.40,59.00,164,INV
TEST_KORPM,2LZMA,1L63A,T152V,0.20,5.40,59.00,165,DIR
TEST_KORPM,2LZMA,1G0LA,V152T,-0.20,5.40,59.00,165,INV
TEST_KORPM,2LZMA,1L63A,F153A,-3.80,5.70,65.00,166,DIR
TEST_KORPM,2LZMA,1L85A,A153F,3.80,5.70,65.00,166,INV
TEST_KORPM,2LZMA,1L63A,F153I,-0.20,5.70,65.00,167,DIR
TEST_KORPM,2LZMA,1L86A,I153F,0.20,5.70,65.00,167,INV
TEST_KORPM,2LZMA,1L63A,F153L,0.30,5.70,65.00,168,DIR
TEST_KORPM,2LZMA,1L87A,L153F,-0.30,5.70,65.00,168,INV
TEST_KORPM,2LZMA,1L63A,F153M,-0.60,5.70,65.00,169,DIR
TEST_KORPM,2LZMA,1L88A,M153F,0.60,5.70,65.00,169,INV
TEST_KORPM,2LZMA,1L63A,F153V,-1.80,5.70,65.00,170,DIR
TEST_KORPM,2LZMA,1L95A,V153F,1.80,5.70,65.00,170,INV
TEST_KORPM,2LZMA,2LZMA,I3L,0.70,5.40,70.00,240,DIR
TEST_KORPM,2LZMA,149LA,L3I,-0.70,5.40,70.00,240,INV
TEST_KORPM,2LZMA,2LZMA,I3C,1.20,6.50,65.00,241,DIR
TEST_KORPM,2LZMA,172LA,C3I,-1.20,6.50,65.00,241,INV
TEST_KORPM,2LZMA,2LZMA,I3P,-3.00,2.00,39.00,242,DIR
TEST_KORPM,2LZMA,1L96A,P3I,3.00,2.00,39.00,242,INV
TEST_KORPM,2LZMA,2LZMA,I3Y,-2.30,6.50,65.00,243,DIR
TEST_KORPM,2LZMA,1L18A,Y3I,2.30,6.50,65.00,243,INV
TEST_KORPM,2LZMA,2LZMA,I3V,-0.40,6.50,65.00,244,DIR
TEST_KORPM,2LZMA,1L17A,V3I,0.40,6.50,65.00,244,INV
TEST_KORPM,2LZMA,2LZMA,M6I,-1.40,6.50,65.00,245,DIR
TEST_KORPM,2LZMA,150LA,I6M,1.40,6.50,65.00,245,INV
TEST_KORPM,2LZMA,2LZMA,K16E,0.50,5.30,67.00,246,DIR
TEST_KORPM,2LZMA,1L42A,E16K,-0.50,5.30,67.00,246,INV
TEST_KORPM,2LZMA,2LZMA,S38D,0.60,5.40,70.00,247,DIR
TEST_KORPM,2LZMA,1L19A,D38S,-0.60,5.40,70.00,247,INV
TEST_KORPM,2LZMA,2LZMA,N55G,-0.60,6.50,42.00,248,DIR
TEST_KORPM,2LZMA,1L21A,G55N,0.60,6.50,42.00,248,INV
TEST_KORPM,2LZMA,2LZMA,K60P,0.00,6.50,65.00,249,DIR
TEST_KORPM,2LZMA,1L56A,P60K,0.00,6.50,65.00,249,INV
TEST_KORPM,2LZMA,2LZMA,G77A,0.40,6.50,65.00,250,DIR
TEST_KORPM,2LZMA,1L23A,A77G,-0.40,6.50,65.00,250,INV
TEST_KORPM,2LZMA,2LZMA,A82P,0.80,6.50,65.00,251,DIR
TEST_KORPM,2LZMA,1L24A,P82A,-0.80,6.50,65.00,251,INV
TEST_KORPM,2LZMA,2LZMA,K85A,-0.60,5.40,58.00,252,DIR
TEST_KORPM,2LZMA,3C81A,A85K,0.60,5.40,58.00,252,INV
TEST_KORPM,2LZMA,2LZMA,D89A,-0.50,5.40,58.00,253,DIR
TEST_KORPM,2LZMA,3C83A,A89D,0.50,5.40,58.00,253,INV
TEST_KORPM,2LZMA,2LZMA,R96A,-2.00,5.40,58.00,254,DIR
TEST_KORPM,2LZMA,3C7YA,A96R,2.00,5.40,58.00,254,INV
TEST_KORPM,2LZMA,2LZMA,R96D,-3.50,5.40,58.00,255,DIR
TEST_KORPM,2LZMA,3C8QA,D96R,3.50,5.40,58.00,255,INV
TEST_KORPM,2LZMA,2LZMA,R96M,-2.70,5.40,58.00,256,DIR
TEST_KORPM,2LZMA,3CDVA,M96R,2.70,5.40,58.00,256,INV
TEST_KORPM,2LZMA,2LZMA,R96E,-2.50,5.40,58.00,257,DIR
TEST_KORPM,2LZMA,3C8SA,E96R,2.50,5.40,58.00,257,INV
TEST_KORPM,2LZMA,2LZMA,R96G,-2.60,5.40,58.00,258,DIR
TEST_KORPM,2LZMA,3C8RA,G96R,2.60,5.40,58.00,258,INV
TEST_KORPM,2LZMA,2LZMA,R96Q,-0.30,5.40,58.00,259,DIR
TEST_KORPM,2LZMA,3CDRA,Q96R,0.30,5.40,58.00,259,INV
TEST_KORPM,2LZMA,2LZMA,R96H,-3.10,5.40,58.00,260,DIR
TEST_KORPM,2LZMA,3F8VA,H96R,3.10,5.40,58.00,260,INV
TEST_KORPM,2LZMA,2LZMA,R96N,-3.00,5.40,58.00,261,DIR
TEST_KORPM,2LZMA,3CDTA,N96R,3.00,5.40,58.00,261,INV
TEST_KORPM,2LZMA,2LZMA,R96K,0.00,5.40,58.00,262,DIR
TEST_KORPM,2LZMA,3C7WA,K96R,0.00,5.40,58.00,262,INV
TEST_KORPM,2LZMA,2LZMA,R96S,-2.60,5.40,58.00,263,DIR
TEST_KORPM,2LZMA,3CDQA,S96R,2.60,5.40,58.00,263,INV
TEST_KORPM,2LZMA,2LZMA,R96Y,-4.70,5.40,58.00,264,DIR
TEST_KORPM,2LZMA,3C80A,Y96R,4.70,5.40,58.00,264,INV
TEST_KORPM,2LZMA,2LZMA,R96V,-2.40,5.40,58.00,265,DIR
TEST_KORPM,2LZMA,3CDOA,V96R,2.40,5.40,58.00,265,INV
TEST_KORPM,2LZMA,2LZMA,R96W,-4.50,5.40,58.00,266,DIR
TEST_KORPM,2LZMA,3FI5A,W96R,4.50,5.40,58.00,266,INV
TEST_KORPM,2LZMA,2LZMA,A98V,-4.90,3.00,40.00,267,DIR
TEST_KORPM,2LZMA,1L48A,V98A,4.90,3.00,40.00,267,INV
TEST_KORPM,2LZMA,2LZMA,Q105A,-0.60,5.80,66.00,268,DIR
TEST_KORPM,2LZMA,1L00A,A105Q,0.60,5.80,66.00,268,INV
TEST_KORPM,2LZMA,2LZMA,Q105E,-1.10,5.80,66.00,269,DIR
TEST_KORPM,2LZMA,1L98A,E105Q,1.10,5.80,66.00,269,INV
TEST_KORPM,2LZMA,2LZMA,Q105G,-1.50,5.80,66.00,270,DIR
TEST_KORPM,2LZMA,1L99A,G105Q,1.50,5.80,66.00,270,INV
TEST_KORPM,2LZMA,2LZMA,G113A,0.30,6.50,65.00,271,DIR
TEST_KORPM,2LZMA,1L60A,A113G,-0.30,6.50,65.00,271,INV
TEST_KORPM,2LZMA,2LZMA,T115E,0.30,6.50,65.00,272,DIR
TEST_KORPM,2LZMA,1L37A,E115T,-0.30,6.50,65.00,272,INV
TEST_KORPM,2LZMA,2LZMA,N116D,0.60,5.70,66.00,273,DIR
TEST_KORPM,2LZMA,1L57A,D116N,-0.60,5.70,66.00,273,INV
TEST_KORPM,2LZMA,2LZMA,R119E,-0.04,5.30,67.00,274,DIR
TEST_KORPM,2LZMA,1L44A,E119R,0.04,5.30,67.00,274,INV
TEST_KORPM,2LZMA,2LZMA,Q123E,0.40,6.50,65.00,275,DIR
TEST_KORPM,2LZMA,1L38A,E123Q,-0.40,6.50,65.00,275,INV
TEST_KORPM,2LZMA,2LZMA,K124G,-0.10,6.50,42.00,276,DIR
TEST_KORPM,2LZMA,1L22A,G124K,0.10,6.50,42.00,276,INV
TEST_KORPM,2LZMA,2LZMA,V131A,0.30,2.00,41.00,277,DIR
TEST_KORPM,2LZMA,1L33A,A131V,-0.30,2.00,41.00,277,INV
TEST_KORPM,2LZMA,2LZMA,V131D,0.10,3.00,53.00,278,DIR
TEST_KORPM,2LZMA,1DYAA,D131V,-0.10,3.00,53.00,278,INV
TEST_KORPM,2LZMA,2LZMA,V131G,-0.70,3.00,53.00,279,DIR
TEST_KORPM,2LZMA,1DYBA,G131V,0.70,3.00,53.00,279,INV
TEST_KORPM,2LZMA,2LZMA,V131I,0.20,3.00,53.00,280,DIR
TEST_KORPM,2LZMA,1DYCA,I131V,-0.20,3.00,53.00,280,INV
TEST_KORPM,2LZMA,2LZMA,V131L,0.10,3.00,53.00,281,DIR
TEST_KORPM,2LZMA,1DYDA,L131V,-0.10,3.00,53.00,281,INV
TEST_KORPM,2LZMA,2LZMA,V131S,-0.10,3.00,53.00,282,DIR
TEST_KORPM,2LZMA,1DYEA,S131V,0.10,3.00,53.00,282,INV
TEST_KORPM,2LZMA,2LZMA,V131M,0.10,3.00,53.00,283,DIR
TEST_KORPM,2LZMA,1DYFA,M131V,-0.10,3.00,53.00,283,INV
TEST_KORPM,2LZMA,2LZMA,V131E,0.20,3.00,53.00,284,DIR
TEST_KORPM,2LZMA,1DYGA,E131V,-0.20,3.00,53.00,284,INV
TEST_KORPM,2LZMA,2LZMA,L133A,-4.20,2.00,41.00,285,DIR
TEST_KORPM,2LZMA,1L69A,A133L,4.20,2.00,41.00,285,INV
TEST_KORPM,2LZMA,2LZMA,K135E,-1.00,5.30,67.00,286,DIR
TEST_KORPM,2LZMA,1L45A,E135K,1.00,5.30,67.00,286,INV
TEST_KORPM,2LZMA,2LZMA,N144D,0.40,5.40,70.00,287,DIR
TEST_KORPM,2LZMA,1L20A,D144N,-0.40,5.40,70.00,287,INV
TEST_KORPM,2LZMA,2LZMA,K147E,-0.70,5.30,67.00,288,DIR
TEST_KORPM,2LZMA,1L46A,E147K,0.70,5.30,67.00,288,INV
TEST_KORPM,2LZMA,2LZMA,V149C,-2.20,3.00,40.00,289,DIR
TEST_KORPM,2LZMA,1L53A,C149V,2.20,3.00,40.00,289,INV
TEST_KORPM,2LZMA,2LZMA,T152S,-2.60,3.00,40.00,290,DIR
TEST_KORPM,2LZMA,1L52A,S152T,2.60,3.00,40.00,290,INV
TEST_KORPM,2LZMA,2LZMA,R154E,-1.10,5.30,67.00,291,DIR
TEST_KORPM,2LZMA,1L47A,E154R,1.10,5.30,67.00,291,INV
TEST_KORPM,2LZMA,2LZMA,G156D,-2.30,6.50,65.00,292,DIR
TEST_KORPM,2LZMA,1L16A,D156G,2.30,6.50,65.00,292,INV
TEST_KORPM,2LZMA,2LZMA,T157A,-0.50,3.00,54.00,293,DIR
TEST_KORPM,2LZMA,1L02A,A157T,0.50,3.00,54.00,293,INV
TEST_KORPM,2LZMA,2LZMA,T157C,-1.30,2.00,42.00,294,DIR
TEST_KORPM,2LZMA,1L03A,C157T,1.30,2.00,42.00,294,INV
TEST_KORPM,2LZMA,2LZMA,T157D,-1.10,2.00,42.00,295,DIR
TEST_KORPM,2LZMA,1L04A,D157T,1.10,2.00,42.00,295,INV
TEST_KORPM,2LZMA,2LZMA,T157E,-0.80,3.00,54.00,296,DIR
TEST_KORPM,2LZMA,1L06A,E157T,0.80,3.00,54.00,296,INV
TEST_KORPM,2LZMA,2LZMA,T157F,-2.40,2.00,42.00,297,DIR
TEST_KORPM,2LZMA,1L07A,F157T,2.40,2.00,42.00,297,INV
TEST_KORPM,2LZMA,2LZMA,T157G,-1.10,2.00,42.00,298,DIR
TEST_KORPM,2LZMA,1L08A,G157T,1.10,2.00,42.00,298,INV
TEST_KORPM,2LZMA,2LZMA,T157H,-2.10,2.00,42.00,299,DIR
TEST_KORPM,2LZMA,1L09A,H157T,2.10,2.00,42.00,299,INV
TEST_KORPM,2LZMA,2LZMA,T157I,-1.50,3.00,54.00,300,DIR
TEST_KORPM,2LZMA,1L10A,I157T,1.50,3.00,54.00,300,INV
TEST_KORPM,2LZMA,2LZMA,T157L,-1.70,3.00,54.00,301,DIR
TEST_KORPM,2LZMA,1L11A,L157T,1.70,3.00,54.00,301,INV
TEST_KORPM,2LZMA,2LZMA,T157N,-1.20,3.00,54.00,302,DIR
TEST_KORPM,2LZMA,1L12A,N157T,1.20,3.00,54.00,302,INV
TEST_KORPM,2LZMA,2LZMA,T157R,0.30,3.00,54.00,303,DIR
TEST_KORPM,2LZMA,1L13A,R157T,-0.30,3.00,54.00,303,INV
TEST_KORPM,2LZMA,2LZMA,T157S,-0.70,2.00,42.00,304,DIR
TEST_KORPM,2LZMA,1L14A,S157T,0.70,2.00,42.00,304,INV
TEST_KORPM,2LZMA,2LZMA,T157V,-1.20,3.00,54.00,305,DIR
TEST_KORPM,2LZMA,1L15A,V157T,1.20,3.00,54.00,305,INV
TEST_KORPM,1EL1A,1LZ1A,V2A,-1.50,2.70,65.00,171,DIR
TEST_KORPM,1EL1A,1OUGA,A2V,1.50,2.70,65.00,171,INV
TEST_KORPM,1EL1A,1LZ1A,V2G,-2.29,2.70,65.00,172,DIR
TEST_KORPM,1EL1A,1GAYA,G2V,2.29,2.70,65.00,172,INV
TEST_KORPM,1EL1A,1LZ1A,V2S,-1.40,2.70,65.00,173,DIR
TEST_KORPM,1EL1A,1GF8A,S2V,1.40,2.70,65.00,173,INV
TEST_KORPM,1EL1A,1LZ1A,V2Y,-0.40,2.70,65.00,174,DIR
TEST_KORPM,1EL1A,1GF9A,Y2V,0.40,2.70,65.00,174,INV
TEST_KORPM,1EL1A,1LZ1A,V2D,-1.40,2.70,65.00,175,DIR
TEST_KORPM,1EL1A,1GFAA,D2V,1.40,2.70,65.00,175,INV
TEST_KORPM,1EL1A,1LZ1A,V2N,-1.30,2.70,65.00,176,DIR
TEST_KORPM,1EL1A,1GFEA,N2V,1.30,2.70,65.00,176,INV
TEST_KORPM,1EL1A,1LZ1A,V2R,-0.40,2.70,65.00,177,DIR
TEST_KORPM,1EL1A,1GFGA,R2V,0.40,2.70,65.00,177,INV
TEST_KORPM,1EL1A,1LZ1A,V2L,-0.05,2.70,65.00,178,DIR
TEST_KORPM,1EL1A,1GB0A,L2V,0.05,2.70,65.00,178,INV
TEST_KORPM,1EL1A,1LZ1A,V2M,-0.20,2.70,65.00,179,DIR
TEST_KORPM,1EL1A,1GB2A,M2V,0.20,2.70,65.00,179,INV
TEST_KORPM,1EL1A,1LZ1A,V2F,-0.80,2.70,65.00,180,DIR
TEST_KORPM,1EL1A,1GB3A,F2V,0.80,2.70,65.00,180,INV
TEST_KORPM,1EL1A,1LZ1A,Y20F,-0.50,2.70,65.00,181,DIR
TEST_KORPM,1EL1A,1WQNA,F20Y,0.50,2.70,65.00,181,INV
TEST_KORPM,1EL1A,1LZ1A,I23A,-2.50,2.70,65.00,182,DIR
TEST_KORPM,1EL1A,2HEBA,A23I,2.50,2.70,65.00,182,INV
TEST_KORPM,1EL1A,1LZ1A,I23V,-0.40,2.70,65.00,183,DIR
TEST_KORPM,1EL1A,1YANA,V23I,0.40,2.70,65.00,183,INV
TEST_KORPM,1EL1A,1LZ1A,Y38F,-0.20,2.70,65.00,184,DIR
TEST_KORPM,1EL1A,1WQOA,F38Y,0.20,2.70,65.00,184,INV
TEST_KORPM,1EL1A,1LZ1A,Y45F,0.10,2.70,65.00,185,DIR
TEST_KORPM,1EL1A,1WQPA,F45Y,-0.10,2.70,65.00,185,INV
TEST_KORPM,1EL1A,1LZ1A,A47P,0.10,2.80,69.00,186,DIR
TEST_KORPM,1EL1A,1LHLA,P47A,-0.10,2.80,69.00,186,INV
TEST_KORPM,1EL1A,1LZ1A,Y54F,-1.00,2.70,65.00,187,DIR
TEST_KORPM,1EL1A,1WQQA,F54Y,1.00,2.70,65.00,187,INV
TEST_KORPM,1EL1A,1LZ1A,I56A,-3.70,2.70,65.00,188,DIR
TEST_KORPM,1EL1A,2HECA,A56I,3.70,2.70,65.00,188,INV
TEST_KORPM,1EL1A,1LZ1A,I56T,-3.60,2.70,65.00,189,DIR
TEST_KORPM,1EL1A,1OUAA,T56I,3.60,2.70,65.00,189,INV
TEST_KORPM,1EL1A,1LZ1A,I56V,-1.20,2.70,65.00,190,DIR
TEST_KORPM,1EL1A,1YAOA,V56I,1.20,2.70,65.00,190,INV
TEST_KORPM,1EL1A,1LZ1A,I59A,-1.70,2.70,65.00,191,DIR
TEST_KORPM,1EL1A,2HEDA,A59I,1.70,2.70,65.00,191,INV
TEST_KORPM,1EL1A,1LZ1A,I59G,-3.80,2.70,65.00,192,DIR
TEST_KORPM,1EL1A,2HEEA,G59I,3.80,2.70,65.00,192,INV
TEST_KORPM,1EL1A,1LZ1A,I59V,-1.10,2.70,65.00,193,DIR
TEST_KORPM,1EL1A,1YAPA,V59I,1.10,2.70,65.00,193,INV
TEST_KORPM,1EL1A,1LZ1A,Y63F,-0.20,2.70,65.00,194,DIR
TEST_KORPM,1EL1A,1WQRA,F63Y,0.20,2.70,65.00,194,INV
TEST_KORPM,1EL1A,1LZ1A,P71G,-1.60,2.80,69.00,195,DIR
TEST_KORPM,1EL1A,1LHIA,G71P,1.60,2.80,69.00,195,INV
TEST_KORPM,1EL1A,1LZ1A,V74A,-0.40,2.70,65.00,196,DIR
TEST_KORPM,1EL1A,1OUHA,A74V,0.40,2.70,65.00,196,INV
TEST_KORPM,1EL1A,1LZ1A,V74G,-0.10,2.70,65.00,197,DIR
TEST_KORPM,1EL1A,1GB5A,G74V,0.10,2.70,65.00,197,INV
TEST_KORPM,1EL1A,1LZ1A,V74I,0.45,2.70,65.00,198,DIR
TEST_KORPM,1EL1A,1GB6A,I74V,-0.45,2.70,65.00,198,INV
TEST_KORPM,1EL1A,1LZ1A,V74L,0.19,2.70,65.00,199,DIR
TEST_KORPM,1EL1A,1GB7A,L74V,-0.19,2.70,65.00,199,INV
TEST_KORPM,1EL1A,1LZ1A,V74M,0.65,2.70,65.00,200,DIR
TEST_KORPM,1EL1A,1GB8A,M74V,-0.65,2.70,65.00,200,INV
TEST_KORPM,1EL1A,1LZ1A,V74F,0.00,2.70,65.00,201,DIR
TEST_KORPM,1EL1A,1GB9A,F74V,0.00,2.70,65.00,201,INV
TEST_KORPM,1EL1A,1LZ1A,V74Y,-0.30,2.70,65.00,202,DIR
TEST_KORPM,1EL1A,1GFHA,Y74V,0.30,2.70,65.00,202,INV
TEST_KORPM,1EL1A,1LZ1A,V74D,-0.40,2.70,65.00,203,DIR
TEST_KORPM,1EL1A,1GFJA,D74V,0.40,2.70,65.00,203,INV
TEST_KORPM,1EL1A,1LZ1A,V74N,-0.30,2.70,65.00,204,DIR
TEST_KORPM,1EL1A,1GFKA,N74V,0.30,2.70,65.00,204,INV
TEST_KORPM,1EL1A,1LZ1A,V74R,-0.10,2.70,65.00,205,DIR
TEST_KORPM,1EL1A,1GFRA,R74V,0.10,2.70,65.00,205,INV
TEST_KORPM,1EL1A,1LZ1A,V74S,-0.40,2.70,65.00,206,DIR
TEST_KORPM,1EL1A,1B7SA,S74V,0.40,2.70,65.00,206,INV
TEST_KORPM,1EL1A,1LZ1A,C77A,-4.60,4.50,57.00,207,DIR
TEST_KORPM,1EL1A,1HNLA,A77C,4.60,4.50,57.00,207,INV
TEST_KORPM,1EL1A,1LZ1A,I89A,-2.70,2.70,65.00,208,DIR
TEST_KORPM,1EL1A,2HEFA,A89I,2.70,2.70,65.00,208,INV
TEST_KORPM,1EL1A,1LZ1A,I89V,-0.50,2.70,65.00,209,DIR
TEST_KORPM,1EL1A,1YAQA,V89I,0.50,2.70,65.00,209,INV
TEST_KORPM,1EL1A,1LZ1A,D91P,-0.40,2.80,69.00,210,DIR
TEST_KORPM,1EL1A,1LHKA,P91D,0.40,2.80,69.00,210,INV
TEST_KORPM,1EL1A,1LZ1A,V93A,-0.70,2.70,65.00,211,DIR
TEST_KORPM,1EL1A,1OUIA,A93V,0.70,2.70,65.00,211,INV
TEST_KORPM,1EL1A,1LZ1A,V99A,-1.00,2.70,65.00,212,DIR
TEST_KORPM,1EL1A,1OUJA,A99V,1.00,2.70,65.00,212,INV
TEST_KORPM,1EL1A,1LZ1A,V100A,-0.30,2.70,65.00,213,DIR
TEST_KORPM,1EL1A,1OUBA,A100V,0.30,2.70,65.00,213,INV
TEST_KORPM,1EL1A,1LZ1A,P103G,-0.10,2.80,69.00,214,DIR
TEST_KORPM,1EL1A,1LHJA,G103P,0.10,2.80,69.00,214,INV
TEST_KORPM,1EL1A,1LZ1A,I106A,-0.90,2.70,65.00,215,DIR
TEST_KORPM,1EL1A,2HEAA,A106I,0.90,2.70,65.00,215,INV
TEST_KORPM,1EL1A,1LZ1A,I106V,-0.70,2.70,65.00,216,DIR
TEST_KORPM,1EL1A,1YAMA,V106I,0.70,2.70,65.00,216,INV
TEST_KORPM,1EL1A,1LZ1A,V110A,0.50,2.70,65.00,217,DIR
TEST_KORPM,1EL1A,1OUCA,A110V,-0.50,2.70,65.00,217,INV
TEST_KORPM,1EL1A,1LZ1A,V110D,0.20,2.70,65.00,218,DIR
TEST_KORPM,1EL1A,1GFUA,D110V,-0.20,2.70,65.00,218,INV
TEST_KORPM,1EL1A,1LZ1A,V110G,0.48,2.70,65.00,219,DIR
TEST_KORPM,1EL1A,1GBOA,G110V,-0.48,2.70,65.00,219,INV
TEST_KORPM,1EL1A,1LZ1A,V110I,0.86,2.70,65.00,220,DIR
TEST_KORPM,1EL1A,1GBWA,I110V,-0.86,2.70,65.00,220,INV
TEST_KORPM,1EL1A,1LZ1A,V110L,0.10,2.70,65.00,221,DIR
TEST_KORPM,1EL1A,1GBXA,L110V,-0.10,2.70,65.00,221,INV
TEST_KORPM,1EL1A,1LZ1A,V110M,0.40,2.70,65.00,222,DIR
TEST_KORPM,1EL1A,1GBYA,M110V,-0.40,2.70,65.00,222,INV
TEST_KORPM,1EL1A,1LZ1A,V110N,0.10,2.70,65.00,223,DIR
TEST_KORPM,1EL1A,1GFVA,N110V,-0.10,2.70,65.00,223,INV
TEST_KORPM,1EL1A,1LZ1A,V110R,0.90,2.70,65.00,224,DIR
TEST_KORPM,1EL1A,1INUA,R110V,-0.90,2.70,65.00,224,INV
TEST_KORPM,1EL1A,1LZ1A,V110F,-0.05,2.70,65.00,225,DIR
TEST_KORPM,1EL1A,1GBZA,F110V,0.05,2.70,65.00,225,INV
TEST_KORPM,1EL1A,1LZ1A,V110P,0.50,2.80,69.00,226,DIR
TEST_KORPM,1EL1A,1LHHA,P110V,-0.50,2.80,69.00,226,INV
TEST_KORPM,1EL1A,1LZ1A,V110Y,-0.10,2.70,65.00,227,DIR
TEST_KORPM,1EL1A,1GFTA,Y110V,0.10,2.70,65.00,227,INV
TEST_KORPM,1EL1A,1LZ1A,V121A,-1.40,2.70,65.00,228,DIR
TEST_KORPM,1EL1A,1OUDA,A121V,1.40,2.70,65.00,228,INV
TEST_KORPM,1EL1A,1LZ1A,Y124F,-0.40,2.70,65.00,229,DIR
TEST_KORPM,1EL1A,1WQMA,F124Y,0.40,2.70,65.00,229,INV
TEST_KORPM,1EL1A,1LZ1A,V125A,-1.30,2.70,65.00,230,DIR
TEST_KORPM,1EL1A,1OUEA,A125V,1.30,2.70,65.00,230,INV
TEST_KORPM,1EL1A,1LZ1A,V130A,-0.80,2.70,65.00,231,DIR
TEST_KORPM,1EL1A,1OUFA,A130V,0.80,2.70,65.00,231,INV
TEST_KORPM,1EL1A,4LYZA,M12F,0.50,5.50,35.00,324,DIR
TEST_KORPM,1EL1A,1IOSA,F12M,-0.50,5.50,35.00,324,INV
TEST_KORPM,1EL1A,4LYZA,M12L,-0.40,5.50,35.00,325,DIR
TEST_KORPM,1EL1A,1IOTA,L12M,0.40,5.50,35.00,325,INV
TEST_KORPM,1EL1A,4LYZA,T40S,-0.30,6.40,74.00,326,DIR
TEST_KORPM,1EL1A,1HERA,S40T,0.30,6.40,74.00,326,INV
TEST_KORPM,1EL1A,4LYZA,G49A,-1.90,2.70,25.00,327,DIR
TEST_KORPM,1EL1A,1FN5A,A49G,1.90,2.70,25.00,327,INV
TEST_KORPM,1EL1A,4LYZA,I55V,-0.90,6.40,74.00,328,DIR
TEST_KORPM,1EL1A,1HEOA,V55I,0.90,6.40,74.00,328,INV
TEST_KORPM,1EL1A,4LYZA,I58M,-1.20,5.50,35.00,329,DIR
TEST_KORPM,1EL1A,1IR8A,M58I,1.20,5.50,35.00,329,INV
TEST_KORPM,1EL1A,4LYZA,G67A,-0.50,2.70,25.00,330,DIR
TEST_KORPM,1EL1A,1FLUA,A67G,0.50,2.70,25.00,330,INV
TEST_KORPM,1EL1A,4LYZA,G71A,-0.38,2.70,25.00,331,DIR
TEST_KORPM,1EL1A,1FLWA,A71G,0.38,2.70,25.00,331,INV
TEST_KORPM,1EL1A,4LYZA,I78M,-0.90,5.50,35.00,332,DIR
TEST_KORPM,1EL1A,1IR7A,M78I,0.90,5.50,35.00,332,INV
TEST_KORPM,1EL1A,4LYZA,S91A,-0.20,6.40,74.00,333,DIR
TEST_KORPM,1EL1A,1LSNA,A91S,0.20,6.40,74.00,333,INV
TEST_KORPM,1EL1A,4LYZA,S91T,1.00,6.40,74.00,334,DIR
TEST_KORPM,1EL1A,1HEMA,T91S,-1.00,6.40,74.00,334,INV
TEST_KORPM,1EL1A,4LYZA,I98M,-0.90,5.50,35.00,335,DIR
TEST_KORPM,1EL1A,1IR9A,M98I,0.90,5.50,35.00,335,INV
TEST_KORPM,1EL1A,4LYZA,G102A,0.02,2.70,25.00,336,DIR
TEST_KORPM,1EL1A,1FLYA,A102G,-0.02,2.70,25.00,336,INV
TEST_KORPM,1EL1A,4LYZA,G117A,-1.46,2.70,25.00,337,DIR
TEST_KORPM,1EL1A,1FLQA,A117G,1.46,2.70,25.00,337,INV
