#SET	CLUID	PDB	MUTS	DDG	NMUT
SET_0	1AG2A	1AG2A	D178N;M129N	-1.72	2
SET_0	1AG2A	1AG2A	D178N;M129V	-1.91	2
SET_0	1BRFA	1BRFA	A1K;I23V	-0.55	2
SET_0	1BRFA	1BRFA	A1K;L32I	-0.88	2
SET_0	1E65A	5AZUA	C3A;C26A	-6.8	2
SET_0	1EY0A	1STNA	A69T;A90S	-4.7	2
SET_0	1EY0A	1STNA	E73A;V74A	-5.2	2
SET_0	1EY0A	1STNA	E75V;A130G	-3.4	2
SET_0	1EY0A	1STNA	E75V;A69T	-4.35	2
SET_0	1EY0A	1STNA	E75V;A90S	-3.6	2
SET_0	1EY0A	1STNA	E75V;G79S	-4.67	2
SET_0	1EY0A	1STNA	E75V;I15V	-2.83	2
SET_0	1EY0A	1STNA	E75V;I72V	-3.12	2
SET_0	1EY0A	1STNA	E75V;I92V	-2.05	2
SET_0	1EY0A	1STNA	E75V;P117L	-1.61	2
SET_0	1EY0A	1STNA	E75V;T33S	-3.21	2
SET_0	1EY0A	1STNA	E75V;Y113A	-1.55	2
SET_0	1EY0A	1STNA	E75V;Y85A	-2.51	2
SET_0	1EY0A	1STNA	F61A;T62A	-4.6	2
SET_0	1EY0A	1STNA	F76V;H124L	0.0	2
SET_0	1EY0A	1STNA	F76W;W140H	-1.0	2
SET_0	1EY0A	1STNA	G79D;N118D	-2.58	2
SET_0	1EY0A	1STNA	G79S;A130G	-3.68	2
SET_0	1EY0A	1STNA	G79S;I15V	-3.1	2
SET_0	1EY0A	1STNA	G79S;I72V	-3.61	2
SET_0	1EY0A	1STNA	G79S;I92V	-2.55	2
SET_0	1EY0A	1STNA	G79S;N118D	-2.79	2
SET_0	1EY0A	1STNA	G79S;P117L	-2.08	2
SET_0	1EY0A	1STNA	G79S;Y113A	-2.22	2
SET_0	1EY0A	1STNA	G79S;Y85A	-2.69	2
SET_0	1EY0A	1STNA	I15V;I72V	-2.01	2
SET_0	1EY0A	1STNA	I15V;Y113A	-0.62	2
SET_0	1EY0A	1STNA	I15V;Y85V	-1.06	2
SET_0	1EY0A	1STNA	I18M;A69T	-0.37	2
SET_0	1EY0A	1STNA	I18M;A90S	-0.5	2
SET_0	1EY0A	1STNA	I18M;T33S	-2.0	2
SET_0	1EY0A	1STNA	I72L;I92L	-0.7	2
SET_0	1EY0A	1STNA	I72L;I92L;V99I	-1.4	3
SET_0	1EY0A	1STNA	I72L;I92L;V99L	-1.4	3
SET_0	1EY0A	1STNA	I72L;I92V	-0.7	2
SET_0	1EY0A	1STNA	I72L;I92V;V99I	-0.7	3
SET_0	1EY0A	1STNA	I72L;I92V;V99L	-1.1	3
SET_0	1EY0A	1STNA	I72L;V99I	-0.5	2
SET_0	1EY0A	1STNA	I72L;V99L	-0.8	2
SET_0	1EY0A	1STNA	I72V;I92L	-1.8	2
SET_0	1EY0A	1STNA	I72V;I92L;V99I	-2.1	3
SET_0	1EY0A	1STNA	I72V;I92L;V99L	-2.4	3
SET_0	1EY0A	1STNA	I72V;I92V	-1.7	2
SET_0	1EY0A	1STNA	I72V;I92V;V99I	-1.4	3
SET_0	1EY0A	1STNA	I72V;I92V;V99L	-2.0	3
SET_0	1EY0A	1STNA	I72V;V99I	-1.2	2
SET_0	1EY0A	1STNA	I72V;V99L	-1.7	2
SET_0	1EY0A	1STNA	I72V;Y113A	-0.94	2
SET_0	1EY0A	1STNA	I72V;Y85A	-1.6	2
SET_0	1EY0A	1STNA	I92L;V99I	-0.9	2
SET_0	1EY0A	1STNA	I92L;V99L	-1.3	2
SET_0	1EY0A	1STNA	I92V;V99I	-0.7	2
SET_0	1EY0A	1STNA	I92V;V99L	-0.9	2
SET_0	1EY0A	1STNA	L25A;M26A	-4.4	2
SET_0	1EY0A	1STNA	L25I;I72L	-1.7	2
SET_0	1EY0A	1STNA	L25I;I72V	-3.0	2
SET_0	1EY0A	1STNA	L25I;V66I	-3.0	2
SET_0	1EY0A	1STNA	L25I;V66I;I72L	-3.0	3
SET_0	1EY0A	1STNA	L25I;V66I;I72V	-3.2	3
SET_0	1EY0A	1STNA	L25I;V66L	-1.9	2
SET_0	1EY0A	1STNA	L25I;V66L;I72L	-2.3	3
SET_0	1EY0A	1STNA	L25I;V66L;I72V	-2.2	3
SET_0	1EY0A	1STNA	L25V;I72L	-1.6	2
SET_0	1EY0A	1STNA	L25V;I72V	-2.9	2
SET_0	1EY0A	1STNA	L25V;V66I	-2.9	2
SET_0	1EY0A	1STNA	L25V;V66I;I72L	-3.0	3
SET_0	1EY0A	1STNA	L25V;V66I;I72V	-3.1	3
SET_0	1EY0A	1STNA	L25V;V66L	-1.8	2
SET_0	1EY0A	1STNA	L25V;V66L;I72L	-2.2	3
SET_0	1EY0A	1STNA	L25V;V66L;I72V	-2.0	3
SET_0	1EY0A	1STNA	L37A;A130G	-2.53	2
SET_0	1EY0A	1STNA	L37A;A69T	-4.13	2
SET_0	1EY0A	1STNA	L37A;A90S	-3.32	2
SET_0	1EY0A	1STNA	L37A;E75V	-2.47	2
SET_0	1EY0A	1STNA	L37A;G79S	-1.83	2
SET_0	1EY0A	1STNA	L37A;I15V	-2.17	2
SET_0	1EY0A	1STNA	L37A;I72V	-2.78	2
SET_0	1EY0A	1STNA	L37A;I92V	-1.77	2
SET_0	1EY0A	1STNA	L37A;L38A	-1.8	2
SET_0	1EY0A	1STNA	L37A;N118D	-1.72	2
SET_0	1EY0A	1STNA	L37A;P117L	-1.69	2
SET_0	1EY0A	1STNA	L37A;T33S	-2.21	2
SET_0	1EY0A	1STNA	L37A;Y113A	-1.46	2
SET_0	1EY0A	1STNA	L37A;Y85A	-1.98	2
SET_0	1EY0A	1STNA	L38A;V39A	-4.0	2
SET_0	1EY0A	1STNA	L7A;A130G	-2.46	2
SET_0	1EY0A	1STNA	L7A;E75V	-3.64	2
SET_0	1EY0A	1STNA	L7A;G79S	-2.77	2
SET_0	1EY0A	1STNA	L7A;I15V	-2.08	2
SET_0	1EY0A	1STNA	L7A;I72V	-2.41	2
SET_0	1EY0A	1STNA	L7A;I92V	-1.54	2
SET_0	1EY0A	1STNA	L7A;L37A	-1.65	2
SET_0	1EY0A	1STNA	L7A;V23F	-3.65	2
SET_0	1EY0A	1STNA	L7A;Y113A	-1.1	2
SET_0	1EY0A	1STNA	L7A;Y85A	-1.6	2
SET_0	1EY0A	1STNA	M32A;T33A	-3.3	2
SET_0	1EY0A	1STNA	M65A;V66A	-4.5	2
SET_0	1EY0A	1STNA	P117L;N118D	-1.0	2
SET_0	1EY0A	1STNA	T33S;A90S	-3.16	2
SET_0	1EY0A	1STNA	T62A;G88V	-3.2	2
SET_0	1EY0A	1STNA	T62A;V66L	-2.4	2
SET_0	1EY0A	1STNA	T62G;G88V	-3.66	2
SET_0	1EY0A	1STNA	V23F;A130G	-3.5	2
SET_0	1EY0A	1STNA	V23F;A69T	-4.0	2
SET_0	1EY0A	1STNA	V23F;A90S	-3.31	2
SET_0	1EY0A	1STNA	V23F;E75V	-4.79	2
SET_0	1EY0A	1STNA	V23F;G79S	-4.75	2
SET_0	1EY0A	1STNA	V23F;I15V	-2.59	2
SET_0	1EY0A	1STNA	V23F;I72V	-2.9	2
SET_0	1EY0A	1STNA	V23F;I92V	-2.01	2
SET_0	1EY0A	1STNA	V23F;L37A	-3.17	2
SET_0	1EY0A	1STNA	V23F;T33S	-2.72	2
SET_0	1EY0A	1STNA	V23F;Y113A	-1.89	2
SET_0	1EY0A	1STNA	V23F;Y85A	-2.51	2
SET_0	1EY0A	1STNA	V23I;I72L	-0.5	2
SET_0	1EY0A	1STNA	V23I;I72V	-1.1	2
SET_0	1EY0A	1STNA	V23I;L25I	-1.7	2
SET_0	1EY0A	1STNA	V23I;L25I;I72L	-1.7	3
SET_0	1EY0A	1STNA	V23I;L25I;I72V	-2.8	3
SET_0	1EY0A	1STNA	V23I;L25I;V66I	-2.9	3
SET_0	1EY0A	1STNA	V23I;L25I;V66I;I72L	-3.2	4
SET_0	1EY0A	1STNA	V23I;L25I;V66I;I72V	-3.2	4
SET_0	1EY0A	1STNA	V23I;L25I;V66L	-2.5	3
SET_0	1EY0A	1STNA	V23I;L25I;V66L;I72L	-2.7	4
SET_0	1EY0A	1STNA	V23I;L25I;V66L;I72V	-2.6	4
SET_0	1EY0A	1STNA	V23I;L25I;V66L;I72V;I92V	-2.3	5
SET_0	1EY0A	1STNA	V23I;L25V	-1.4	2
SET_0	1EY0A	1STNA	V23I;L25V;I72L	-1.1	3
SET_0	1EY0A	1STNA	V23I;L25V;I72V	-2.3	3
SET_0	1EY0A	1STNA	V23I;L25V;I72V;I92V	-2.4	4
SET_0	1EY0A	1STNA	V23I;L25V;I72V;I92V;V99I	-2.7	5
SET_0	1EY0A	1STNA	V23I;L25V;I72V;I92V;V99L	-3.0	5
SET_0	1EY0A	1STNA	V23I;L25V;V66I	-2.7	3
SET_0	1EY0A	1STNA	V23I;L25V;V66I;I72L	-2.8	4
SET_0	1EY0A	1STNA	V23I;L25V;V66I;I72V	-3.0	4
SET_0	1EY0A	1STNA	V23I;L25V;V66L	-2.1	3
SET_0	1EY0A	1STNA	V23I;L25V;V66L;I72L	-2.5	4
SET_0	1EY0A	1STNA	V23I;L25V;V66L;I72V	-2.1	4
SET_0	1EY0A	1STNA	V23I;L25V;V66L;I72V;I92V	-1.9	5
SET_0	1EY0A	1STNA	V23I;V66I	-1.5	2
SET_0	1EY0A	1STNA	V23I;V66I;I72L	-2.0	3
SET_0	1EY0A	1STNA	V23I;V66I;I72V	-1.6	3
SET_0	1EY0A	1STNA	V23I;V66L	-1.0	2
SET_0	1EY0A	1STNA	V23I;V66L;I72L	-1.4	3
SET_0	1EY0A	1STNA	V23I;V66L;I72V	-0.9	3
SET_0	1EY0A	1STNA	V23I;V66L;I72V;I92V	-0.6	4
SET_0	1EY0A	1STNA	V23L;I72L	-0.4	2
SET_0	1EY0A	1STNA	V23L;I72V	-1.1	2
SET_0	1EY0A	1STNA	V23L;L25I	-1.5	2
SET_0	1EY0A	1STNA	V23L;L25I;I72L	-1.4	3
SET_0	1EY0A	1STNA	V23L;L25I;I72V	-2.5	3
SET_0	1EY0A	1STNA	V23L;L25I;V66I	-3.1	3
SET_0	1EY0A	1STNA	V23L;L25I;V66I;I72L	-3.2	4
SET_0	1EY0A	1STNA	V23L;L25I;V66I;I72V	-3.4	4
SET_0	1EY0A	1STNA	V23L;L25I;V66L	-2.4	3
SET_0	1EY0A	1STNA	V23L;L25I;V66L;I72L	-2.4	4
SET_0	1EY0A	1STNA	V23L;L25I;V66L;I72V	-2.6	4
SET_0	1EY0A	1STNA	V23L;L25V	-1.8	2
SET_0	1EY0A	1STNA	V23L;L25V;I72L	-1.5	3
SET_0	1EY0A	1STNA	V23L;L25V;I72V	-2.8	3
SET_0	1EY0A	1STNA	V23L;L25V;V66I	-2.8	3
SET_0	1EY0A	1STNA	V23L;L25V;V66I;I72L	-2.8	4
SET_0	1EY0A	1STNA	V23L;L25V;V66I;I72V	-3.4	4
SET_0	1EY0A	1STNA	V23L;L25V;V66L	-2.0	3
SET_0	1EY0A	1STNA	V23L;L25V;V66L;I72L	-2.0	4
SET_0	1EY0A	1STNA	V23L;L25V;V66L;I72V	-2.5	4
SET_0	1EY0A	1STNA	V23L;L25V;V66L;I72V;I92V	-2.2	5
SET_0	1EY0A	1STNA	V23L;V66I	-1.5	2
SET_0	1EY0A	1STNA	V23L;V66I;I72L	-2.0	3
SET_0	1EY0A	1STNA	V23L;V66I;I72V	-1.6	3
SET_0	1EY0A	1STNA	V23L;V66L	-1.1	2
SET_0	1EY0A	1STNA	V23L;V66L;I72L	-1.3	3
SET_0	1EY0A	1STNA	V23L;V66L;I72V	-1.3	3
SET_0	1EY0A	1STNA	V66I;I72L	-1.7	2
SET_0	1EY0A	1STNA	V66I;I72L;I92L	-2.3	3
SET_0	1EY0A	1STNA	V66I;I72L;I92L;V99I	-3.3	4
SET_0	1EY0A	1STNA	V66I;I72L;I92L;V99L	-3.0	4
SET_0	1EY0A	1STNA	V66I;I72L;I92V	-1.4	3
SET_0	1EY0A	1STNA	V66I;I72L;I92V;V99I	-1.6	4
SET_0	1EY0A	1STNA	V66I;I72L;I92V;V99L	-1.8	4
SET_0	1EY0A	1STNA	V66I;I72L;V99I	-1.9	3
SET_0	1EY0A	1STNA	V66I;I72L;V99L	-1.9	3
SET_0	1EY0A	1STNA	V66I;I72V	-1.2	2
SET_0	1EY0A	1STNA	V66I;I72V;I92L	-2.0	3
SET_0	1EY0A	1STNA	V66I;I72V;I92L;V99I	-2.0	4
SET_0	1EY0A	1STNA	V66I;I72V;I92L;V99L	-2.4	4
SET_0	1EY0A	1STNA	V66I;I72V;I92V	-1.4	3
SET_0	1EY0A	1STNA	V66I;I72V;I92V;V99I	-1.0	4
SET_0	1EY0A	1STNA	V66I;I72V;I92V;V99L	-1.7	4
SET_0	1EY0A	1STNA	V66I;I72V;V99I	-0.8	3
SET_0	1EY0A	1STNA	V66I;I72V;V99L	-1.6	3
SET_0	1EY0A	1STNA	V66I;I92L	-1.9	2
SET_0	1EY0A	1STNA	V66I;I92L;V99I	-2.1	3
SET_0	1EY0A	1STNA	V66I;I92L;V99L	-2.1	3
SET_0	1EY0A	1STNA	V66I;I92V	-0.7	2
SET_0	1EY0A	1STNA	V66I;I92V;V99I	-0.5	3
SET_0	1EY0A	1STNA	V66I;I92V;V99L	-0.9	3
SET_0	1EY0A	1STNA	V66I;V99I	-0.7	2
SET_0	1EY0A	1STNA	V66I;V99L	-1.3	2
SET_0	1EY0A	1STNA	V66L;G79S	-3.45	2
SET_0	1EY0A	1STNA	V66L;G79S;G88V	-3.05	3
SET_0	1EY0A	1STNA	V66L;G88V	-0.585	2
SET_0	1EY0A	1STNA	V66L;I72L	-0.9	2
SET_0	1EY0A	1STNA	V66L;I72L;I92L	-1.5	3
SET_0	1EY0A	1STNA	V66L;I72L;I92L;V99I	-1.9	4
SET_0	1EY0A	1STNA	V66L;I72L;I92L;V99L	-1.3	4
SET_0	1EY0A	1STNA	V66L;I72L;I92V	-0.8	3
SET_0	1EY0A	1STNA	V66L;I72L;I92V;V99I	-1.0	4
SET_0	1EY0A	1STNA	V66L;I72L;I92V;V99L	-0.7	4
SET_0	1EY0A	1STNA	V66L;I72L;V99I	-1.0	3
SET_0	1EY0A	1STNA	V66L;I72L;V99L	-0.8	3
SET_0	1EY0A	1STNA	V66L;I72V	-0.5	2
SET_0	1EY0A	1STNA	V66L;I72V;I92L	-1.3	3
SET_0	1EY0A	1STNA	V66L;I72V;I92L;V99I	-1.8	4
SET_0	1EY0A	1STNA	V66L;I72V;I92L;V99L	-1.4	4
SET_0	1EY0A	1STNA	V66L;I72V;I92V	-0.5	3
SET_0	1EY0A	1STNA	V66L;I72V;I92V;V99I	-0.8	4
SET_0	1EY0A	1STNA	V66L;I72V;I92V;V99L	-0.7	4
SET_0	1EY0A	1STNA	V66L;I72V;V99I	-0.8	3
SET_0	1EY0A	1STNA	V66L;I72V;V99L	-0.5	3
SET_0	1EY0A	1STNA	V66L;I92L	-1.0	2
SET_0	1EY0A	1STNA	V66L;I92L;V99I	-1.4	3
SET_0	1EY0A	1STNA	V66L;I92L;V99L	-0.7	3
SET_0	1EY0A	1STNA	V66L;I92V	0.1	2
SET_0	1EY0A	1STNA	V66L;I92V;V99I	-0.4	3
SET_0	1EY0A	1STNA	V66L;I92V;V99L	0.1	3
SET_0	1EY0A	1STNA	V66L;V99I	-0.6	2
SET_0	1EY0A	1STNA	V66L;V99L	0.0	2
SET_0	1EY0A	1STNA	Y85A;Y113A	-0.23	2
SET_0	1FLVA	1FLVA	H34A;F7L	-1.175	2
SET_0	1FLVA	1FLVA	H34A;Y47F	-1.085	2
SET_0	1FLVA	1FTGA	E20K;E72K	0.425	2
SET_0	1HTIA	1HTIA	Q179D;K193A;A215P	3.0	3
SET_0	1IMQA	1IMQA	V37L;E41V;V71I	0.79	3
SET_0	1LS4A	1LS4A	T31A;T144A	-1.06	2
SET_0	1RN1C	1RN1B	H40T;W59Y	-0.93	2
SET_0	1RN1C	1RN1B	Q25K;E58A	0.365	2
SET_0	1RN1C	1RN1B	W59Y;H92A	-1.53	2
SET_0	1RN1C	1RN1B	Y24W;W59Y	0.29	2
SET_0	1RN1C	1RN1B	Y42W;W59Y	-1.03	2
SET_0	1SAKA	1SAKA	F328L;I332V;F341L;L344I	-5.7	4
SET_0	1SAKA	1SAKA	F341L;L344F	-8.4	2
SET_0	1SAKA	1SAKA	F341L;L344I	-1.3	2
SET_0	1SAKA	1SAKA	I332V;F341L	-2.2	2
SET_0	1SAKA	1SAKA	I332V;F341L;L344I	-0.1	3
SET_0	1SAKA	1SAKA	I332V;M340I;F341L	-3.1	3
SET_0	1TITA	1TITA	C47S;C63S	3.2	2
SET_0	2ABDA	2ABDA	K52M;K54M	1.01	2
SET_0	2CI2I	2CI2I	E33A;E34A	-0.37	2
SET_0	2CI2I	2CI2I	I48A;I76V	-4.08	2
SET_0	2CI2I	2CI2I	K21A;E26A	-1.17	2
SET_0	2CI2I	2CI2I	K43A;E45A	0.95	2
SET_0	2CI2I	2CI2I	L51A;F69A	-5.16	2
SET_0	2CI2I	2CI2I	L51A;F69L	-3.25	2
SET_0	2CI2I	2CI2I	L51A;V57A	-2.95	2
SET_0	2CI2I	2CI2I	L51A;V57A;F69L	-3.34	3
SET_0	2CI2I	2CI2I	L51V;F69A	-3.26	2
SET_0	2CI2I	2CI2I	L51V;F69L	-1.08	2
SET_0	2CI2I	2CI2I	L51V;V57A	-1.93	2
SET_0	2CI2I	2CI2I	L51V;V57A;F69L	-2.84	3
SET_0	2CI2I	2CI2I	P25A;A35G	-1.3	2
SET_0	2CI2I	2CI2I	Q47M;M59L	-0.18	2
SET_0	2CI2I	2CI2I	R62A;D64A	-2.46	2
SET_0	2CI2I	2CI2I	S31A;E33A;E34A	-1.21	3
SET_0	2CI2I	2CI2I	S31G;E33A;E34A	-0.81	3
SET_0	2CI2I	2CI2I	T58A;E60A	-0.67	2
SET_0	2CI2I	2CI2I	T58D;E60A	-0.24	2
SET_0	2CI2I	2CI2I	V57A;F69L	-2.2	2
SET_0	2CI2I	2CI2I	V57A;V79A	-3.78	2
SET_0	2HPRA	2HPRA	A2K;N71E	1.1	2
SET_0	2HPRA	2HPRA	A2R;N71E	1.55	2
SET_0	2Q98A	2Q98A	H173A;H180A	0.65	2
SET_0	2Q98A	2Q98A	H27A;H180A	2.315	2
SET_0	2Q98A	2Q98A	H27A;H30A	2.44	2
SET_0	2Q98A	2Q98A	H27A;H30A;H180A	3.26	3
SET_0	2Q98A	2Q98A	H30A;H173A	2.615	2
SET_0	2Q98A	2Q98A	H30A;H173A;H180A	2.425	3
SET_0	2Q98A	2Q98A	H30A;H180A	2.03	2
SET_0	2Q98A	3HHRA	S71A;E74A	-2.22	2
SET_0	2Q98A	3HHRA	S71Q;E74S	-2.26	2
SET_0	2Q98A	3HHRA	S71V;E74L	-5.91	2
SET_0	2TS1A	2TS1A	I52L;L105V	-1.0	2
SET_0	3PGKA	1PHPA	I217A;L221A	-3.6	2
SET_0	3PGKA	3PGKA	W308F;W333F	-7.525	2
SET_0	3PGKA	3PGKA	Y48W;W308Y	-0.69	2
SET_0	3PGKA	3PGKA	Y48W;W333Y	0.65	2
SET_1	1APSA	2ACYA	K24E;E63K;N82K;Q95K	1.67	4
SET_1	1C2RA	1C2RA	K14E;K32E	-0.8	2
SET_1	1C2RA	1I5TA	H26V;H33F	-2.15	2
SET_1	1C2RA	1I5TA	H26V;N52I	-1.86	2
SET_1	1C2RA	1I5TA	P30A;Y67F	-2.585	2
SET_1	1C2RA	1YCCA	D90C;C102T	0.91	2
SET_1	1C2RA	1YCCA	F82Y;L85A	-2.9	2
SET_1	1C2RA	1YCCA	G29S;N52I	-1.5	2
SET_1	1C2RA	1YCCA	G6A;N52I	-0.635	2
SET_1	1C2RA	1YCCA	G6S;N52I	-0.31	2
SET_1	1C2RA	1YCCA	H26N;H33N;H39Q;C102S	-1.05	4
SET_1	1C2RA	1YCCA	H33P;N52I	-0.8	2
SET_1	1C2RA	1YCCA	N52A;C102A	3.9	2
SET_1	1C2RA	1YCCA	N52G;C102A	0.9	2
SET_1	1C2RA	1YCCA	N52I;C102A	6.2	2
SET_1	1C2RA	1YCCA	R13C;C102T	4.21	2
SET_1	1C2RA	1YCCA	R13C;D90C;C102T	0.91	3
SET_1	1C2RA	1YCCA	T69E;C102T	0.76	2
SET_1	1C2RA	1YCCA	T69E;T96A;C102T	-2.47	3
SET_1	1C2RA	1YCCA	T96A;C102T	-2.225	2
SET_1	1C5GA	1QLPA	F51L;M374I	3.6	2
SET_1	1C5GA	1QLPA	S381A;K387R	2.1	2
SET_1	1C5GA	1QLPA	T59A;T68A;A70G	3.4	3
SET_1	1CAHA	1CAHA	H107N;E117A	1.8	2
SET_1	1CAHA	1CAHA	I256C;C206S	-1.35	2
SET_1	1CAHA	1CAHA	L60C;S173C	-1.35	2
SET_1	1CAHA	1CAHA	S56C;C206S	-1.35	2
SET_1	1CAHA	1CAHA	V68C;C206S	-1.8	2
SET_1	1CAHA	1CAHA	W123C;C206S	-1.2	2
SET_1	1CAHA	1CAHA	W5F;W16F	-3.4	2
SET_1	1CHKA	1CHKA	W28F;W101F	-0.585	2
SET_1	1DIVA	1DIVA	F5V;K12M	-2.035	2
SET_1	1HK0X	1HK0X	Q54A;Q143A	-0.35	2
SET_1	1HK0X	1HK0X	R79A;M147A	-0.75	2
SET_1	1HMEA	1HMEA	G35H;N47H;D51H	0.295	3
SET_1	1HMEA	1HMEA	G35H;N47H;D52H	-0.72	3
SET_1	1HMEA	1HMEA	I34H;N47H;D51H	0.53	3
SET_1	1HMEA	1HMEA	I34H;N47H;D52H	-1.1	3
SET_1	1HMEA	1HMEA	N47H;D51H	0.62	2
SET_1	1HMEA	1HMEA	N47H;D52H	0.295	2
SET_1	1HMEA	1HMEA	S33H;N47H;D51H	-0.985	3
SET_1	1MGRA	1RGGA	D1K;D17K;E41K	-2.7	3
SET_1	1MGRA	1RGGA	D1K;D17K;E41K;D25K;E74K	-0.7	5
SET_1	1MGRA	1RGGA	D1K;D17K;E41K;D25K;E74K;D79K	0.7	6
SET_1	1MGRA	1RGGA	D1K;D17K;E41K;D25K;E74K;D79K;S31K	0.2	7
SET_1	1MGRA	1RGGA	D25K;E74K	0.3	2
SET_1	1MGRA	1RGGA	D25K;E74K;S31P;S42G;S48P;T76P;Q77G	3.9	7
SET_1	1MGRA	1RGGA	D25K;E74K;S31P;S42G;S48P;T76P;Q77G;D79A	4.9	8
SET_1	1MGRA	1RGGA	D25K;E74K;S31P;S42G;S48P;T76P;Q77G;D79F	6.3	8
SET_1	1MGRA	1RGGA	D25K;E74K;S31P;S42G;S48P;T76P;Q77G;D79F;I70D	-3.6	9
SET_1	1MGRA	1RGGA	D25K;E74K;S31P;S42G;S48P;T76P;Q77G;D79F;I92A	1.9	9
SET_1	1MGRA	1RGGA	D25K;E74K;S31P;S42G;S48P;T76P;Q77G;D79F;I92D	-2.2	9
SET_1	1MGRA	1RGGA	D25K;E74K;S31P;S42G;S48P;T76P;Q77G;D79F;Y80A	0.1	9
SET_1	1MGRA	1RGGA	D25K;E74K;S31P;S42G;S48P;T76P;Q77G;I92D	-5.1	8
SET_1	1MGRA	1RGGA	R40E;R63E	-0.6	2
SET_1	1MGRA	1RGGA	R40E;R63E;R65A	-1.8	3
SET_1	1MGRA	1RGGA	R40E;R63E;R65A;R68A;R69A	-2.5	5
SET_1	1RTBA	1RTBA	A4C;V118C	1.12	2
SET_1	1RTBA	1RTBA	H105C;V124C	-0.12	2
SET_1	1RTBA	1RTBA	I107C;A122C	-2.27	2
SET_1	1RTBA	1RTBA	M30C;N44C	-5.04	2
SET_1	1RTBA	1RTBA	P93A;P114G	-4.2	2
SET_1	1RTBA	1RTBA	R10C;R33C	-1.39	2
SET_1	1RTBA	1RTBA	V43C;R85C	1.0	2
SET_1	1RX4A	1RX4A	L28R;E139Q	0.46	2
SET_1	1RX4A	1RX4A	R44L;P66A	0.9	2
SET_1	1SHFA	1SHFA	E107A;S124A	-1.48	2
SET_1	1SHFA	1SHFA	E107A;S124D	-0.9	2
SET_1	1SHFA	1SHFA	E107A;S124K	-1.17	2
SET_1	1SHFA	1SHFA	E107A;S124L	-0.43	2
SET_1	1SHFA	1SHFA	E107A;S124R	-1.65	2
SET_1	1SHFA	1SHFA	E107L;S124A	-2.71	2
SET_1	1SHFA	1SHFA	E107R;S124D	-1.34	2
SET_1	1SHFA	1SHFA	G128A;S124K	-1.89	2
SET_1	1SHFA	1SHFA	T127A;S124K	-2.7	2
SET_1	1VQBA	1VQBA	C33M;I47C	-5.73	2
SET_1	1VQBA	1VQBA	C33V;V35C	-1.57	2
SET_1	1VQBA	1VQBA	E30F;A86T	1.17	2
SET_1	1VQBA	1VQBA	E30F;A86V	2.05	2
SET_1	1VQBA	1VQBA	F13T;E30F	1.59	2
SET_1	1VQBA	1VQBA	H64C;F68L	-4.07	2
SET_1	1VQBA	1VQBA	I6V;E30F	0.71	2
SET_1	1VQBA	1VQBA	I6V;M77I	0.34	2
SET_1	1VQBA	1VQBA	I6V;M77V	-0.04	2
SET_1	1VQBA	1VQBA	L28V;F68L	-3.86	2
SET_1	1VQBA	1VQBA	L32Y;R82C	0.15	2
SET_1	1VQBA	1VQBA	L65P;F68L	-4.25	2
SET_1	1VQBA	1VQBA	V35A;I47A	-10.8	2
SET_1	1VQBA	1VQBA	V35A;I47F	-2.885	2
SET_1	1VQBA	1VQBA	V35A;I47L	-2.035	2
SET_1	1VQBA	1VQBA	V35A;I47M	-3.955	2
SET_1	1VQBA	1VQBA	V35A;I47V	-3.61	2
SET_1	1VQBA	1VQBA	V35C;I47C	-5.95	2
SET_1	1VQBA	1VQBA	V35F;I47L	-3.91	2
SET_1	1VQBA	1VQBA	V35I;I47F	-1.29	2
SET_1	1VQBA	1VQBA	V35I;I47L	-0.64	2
SET_1	1VQBA	1VQBA	V35I;I47M	-2.225	2
SET_1	1VQBA	1VQBA	V35I;I47V	-2.61	2
SET_1	1VQBA	1VQBA	V35L;I47F	-3.3	2
SET_1	1VQBA	1VQBA	V35L;I47L	-2.89	2
SET_1	1VQBA	1VQBA	V35L;I47M	-4.005	2
SET_1	1VQBA	1VQBA	V35L;I47V	-4.55	2
SET_1	1VQBA	1VQBA	V35M;I47F	-1.275	2
SET_1	1VQBA	1VQBA	V35M;I47L	-1.25	2
SET_1	1VQBA	1VQBA	V35M;I47M	-3.41	2
SET_1	1VQBA	1VQBA	V45C;R82C	-1.05	2
SET_1	1VQBA	1VQBA	Y41F;F73W	-0.66	2
SET_1	2TRXA	2TRXA	L78C;K90C	-1.4	2
SET_1	2TRXA	2TRXA	L79C;T89C	1.15	2
SET_1	2TRXA	2TRXA	T77C;V91C	1.15	2
SET_2	1A23A	1A23A	C30S;C33S	-2.0	2
SET_2	1AARA	1OTRB	E34K;K11A	-1.77	2
SET_2	1AARA	1OTRB	E34K;K11E	-0.53	2
SET_2	1AARA	1OTRB	E34S;K11E	0.45	2
SET_2	1AARA	1OTRB	I30F;I36L	-3.32	2
SET_2	1AARA	1OTRB	I30F;I36V	-3.18	2
SET_2	1AARA	1OTRB	I30L;I36F	-1.29	2
SET_2	1AARA	1OTRB	I30L;I36L	-1.94	2
SET_2	1AARA	1OTRB	I30L;I36V	-1.41	2
SET_2	1AARA	1OTRB	I30V;I36F	-2.49	2
SET_2	1AARA	1OTRB	I30V;I36L	-1.58	2
SET_2	1AARA	1OTRB	I30V;I36V	-1.86	2
SET_2	1AARA	1OTRB	K11A;E34L	1.65	2
SET_2	1AARA	1OTRB	K11A;E34S	0.12	2
SET_2	1ACBI	1ACBI	L27A;V54A	-1.97	2
SET_2	1ACBI	1ACBI	V14A;V18A	-2.519	2
SET_2	1ACBI	1ACBI	V54A;V62A	-2.867	2
SET_2	1AM7A	1AM7A	H31N;H137N	1.8	2
SET_2	1ARRA	1ARRA	F45L;R50G;I51S	-1.2	3
SET_2	1ARRA	1ARRA	K2T;G3A;S5N;M7T;P8Q	2.9	5
SET_2	1ARRA	1ARRA	K2T;M4R;S5R;K6E;P8T	2.8	5
SET_2	1ARRA	1ARRA	K46R;E48V;I51S;A53K	-0.9	4
SET_2	1ARRA	1ARRA	L12R;R13T	-1.8	2
SET_2	1ARRA	1ARRA	N29A;S44A;E48A	1.32	3
SET_2	1ARRA	1ARRA	Q9A;N11A;R13A	1.21	3
SET_2	1ARRA	1ARRA	Q9G;N11G;R13G	0.2	3
SET_2	1ARRA	1ARRA	Q9R;F10L;N11I;R13K;R16G	0.4	5
SET_2	1BCXA	1BCXA	S100C;N148C	1.67	2
SET_2	1BCXA	1BCXA	V98C;A152C	-7.525	2
SET_2	1BPIA	1BPIA	C30A;C51A	-6.14	2
SET_2	1BPIA	1BPIA	C30A;C51S	-8.93	2
SET_2	1BPIA	1BPIA	C30G;C51A	-8.74	2
SET_2	1BPIA	1BPIA	C30S;C51A	-8.0	2
SET_2	1BPIA	1BPIA	C30T;C51A	-7.81	2
SET_2	1BPIA	1BPIA	C30V;C51A	-5.95	2
SET_2	1DPMA	1DPMA	H254R;H257L	-2.89	2
SET_2	1IETA	1B5MA	A18S;I32L;L47R	-0.3	3
SET_2	1IETA	1B5MA	R15H;E20S	1.25	2
SET_2	1IETA	1CYOA	S71L;L32I	0.5	2
SET_2	1LVEA	1LVEA	M4L;Y31D	2.1	2
SET_2	1LVEA	1LVEA	M4L;Y31D;T100H	4.4	3
SET_2	1LVEA	1LVEA	Q44D;Y31D	1.5	2
SET_2	1LVEA	1LVEA	Q44N;Y31D	1.9	2
SET_2	1LVEA	1LVEA	Q95D;Y31D	2.6	2
SET_2	1LVEA	1LVEA	Q95D;Y31D;M4L;T100H	-1.2	4
SET_2	1LVEA	1LVEA	Q95N;Y31D	1.0	2
SET_2	1LVEA	1LVEA	Q95N;Y31D;M4L;T100H	3.3	4
SET_2	1LVEA	1LVEA	Y31D;S35D	1.4	2
SET_2	1LVEA	1LVEA	Y31D;S35D;K36T	0.6	3
SET_2	1PGAA	1PGAA	I6A;T53A	0.0	2
SET_2	1PGAA	1PGAA	I6A;T53E	0.255	2
SET_2	1PGAA	1PGAA	I6A;T53R	0.94	2
SET_2	1PGAA	1PGAA	I6E;T53A	0.16	2
SET_2	1PGAA	1PGAA	I6E;T53E	-0.635	2
SET_2	1PGAA	1PGAA	I6E;T53R	1.765	2
SET_2	1PGAA	1PGAA	I6F;T53F	2.97	2
SET_2	1PGAA	1PGAA	I6F;T53I	2.1	2
SET_2	1PGAA	1PGAA	I6F;T53V	2.1	2
SET_2	1PGAA	1PGAA	I6F;T53Y	2.8	2
SET_2	1PGAA	1PGAA	I6K;T53A	1.605	2
SET_2	1PGAA	1PGAA	I6K;T53E	2.23	2
SET_2	1PGAA	1PGAA	I6K;T53R	2.02	2
SET_2	1PGAA	1PGAA	I6L;T53I	2.8	2
SET_2	1PGAA	1PGAA	I6R;T53A;T44A	-0.62	3
SET_2	1PGAA	1PGAA	I6R;T53A;T44R	-0.74	3
SET_2	1PGAA	1PGAA	I6R;T53E;T44A	0.16	3
SET_2	1PGAA	1PGAA	I6T;T53F	1.5	2
SET_2	1PGAA	1PGAA	I6T;T53I	1.28	2
SET_2	1PGAA	1PGAA	I6T;T53V	1.11	2
SET_2	1PGAA	1PGAA	I6T;T53Y	1.7	2
SET_2	1PGAA	1PGAA	I6V;T53F	3.5	2
SET_2	1PGAA	1PGAA	I6V;T53I	2.91	2
SET_2	1PGAA	1PGAA	I6V;T53V	2.5	2
SET_2	1PGAA	1PGAA	T16I;T18F;T25E;V29F	2.87	4
SET_2	1PGAA	1PGAA	T16I;T18F;V29F	2.61	3
SET_2	1PGAA	1PGAA	T16I;T18I;T25E;V29F	3.01	4
SET_2	1PGAA	1PGAA	T16I;T18I;T25E;V29I	2.46	4
SET_2	1PGAA	1PGAA	T16I;T18I;T25E;V29K	2.46	4
SET_2	1PGAA	1PGAA	T16I;T18I;T25E;V29Y	3.44	4
SET_2	1PGAA	1PGAA	T16I;T18I;T25Q;V29F	3.2	4
SET_2	1PGAA	1PGAA	T16I;T18I;T25S;V29Y	2.96	4
SET_2	1PGAA	1PGAA	T16I;T18I;V29W	2.63	3
SET_2	1PGAA	1PGAA	T16I;T18L;T25E;V29F	2.44	4
SET_2	1PGAA	1PGAA	T16I;T18L;T25E;V29K	1.82	4
SET_2	1PGAA	1PGAA	T16I;T18V;T25M;V29Y	2.68	4
SET_2	1PGAA	1PGAA	T16I;T18V;T25S;V29W	2.7	4
SET_2	1PGAA	1PGAA	T16I;T18Y;T25L;V29F	2.08	4
SET_2	1PGAA	1PGAA	T16I;T18Y;T25S;V29F	2.53	4
SET_2	1PGAA	1PGAA	T16I;T18Y;T25V;V29F	2.27	4
SET_2	1PGAA	1PGAA	T16L;T18I;T25E;V29Y	3.13	4
SET_2	1PGAA	1PGAA	T16L;T18I;T25S;V29W	2.87	4
SET_2	1PGAA	1PGAA	T16L;T18I;T25S;V29Y	2.37	4
SET_2	1PGAA	1PGAA	T16L;T18V;V29F	2.49	3
SET_2	1PGAA	1PGAA	T16L;T18Y;T25E;V29Y	2.7	4
SET_2	1PGAA	1PGAA	T16L;T18Y;T25Q;V29Y	2.34	4
SET_2	1PGAA	1PGAA	T16L;T18Y;T25S;V29Y	2.06	4
SET_2	1PGAA	1PGAA	T16V;T18F;V29Y	2.15	3
SET_2	1PGAA	1PGAA	T16V;T18Y;T25E;V29Y	2.61	4
SET_2	1PGAA	1PGAA	T16V;T18Y;T25S;V29W	2.58	4
SET_2	1PGAA	1PGAA	T51S;D46G	-3.4	2
SET_2	1PGAA	1PGAA	T53A;T44A	0.14	2
SET_2	1PGAA	1PGAA	T53A;T44R	0.08	2
SET_2	1PGAA	1PGAA	T53E;T44A	0.34	2
SET_2	1PGAA	1PGAA	T53E;T44R	0.79	2
SET_2	1PGAA	1PGAA	V21P;A23P	-0.1	2
SET_2	1RTP1	1RROA	P21A;P26A	-1.77	2
SET_2	1RTP1	1RTP1	A21P;H26P	-0.5	2
SET_2	1RTP1	1RTP1	A21P;K80S	0.45	2
SET_2	2RN2A	2RN2A	A52F;V74A	-1.4	2
SET_2	2RN2A	2RN2A	A52F;V74L	0.03	2
SET_2	2RN2A	2RN2A	A52G;V74L	-1.4	2
SET_2	2RN2A	2RN2A	A52I;V74A	1.19	2
SET_2	2RN2A	2RN2A	A52I;V74L	1.19	2
SET_2	2RN2A	2RN2A	A52L;V74A	0.36	2
SET_2	2RN2A	2RN2A	A52L;V74L	1.49	2
SET_2	2RN2A	2RN2A	A52V;V74A	-0.52	2
SET_2	2RN2A	2RN2A	A52V;V74L	2.43	2
SET_2	2RN2A	2RN2A	D94R;K95G	1.5	2
SET_2	2RN2A	2RN2A	E119V;K60R	0.63	2
SET_2	2RN2A	2RN2A	E119V;R41C	1.2	2
SET_2	2RN2A	2RN2A	H62P;T40A;K122R	0.85	3
SET_2	2RN2A	2RN2A	K91R;D94E	-0.5	2
SET_2	2RN2A	2RN2A	K91R;D94E;K95G	0.745	3
SET_2	2RN2A	2RN2A	K91R;K95G	1.6	2
SET_2	2RN2A	2RN2A	Q80L;K117R	-0.03	2
SET_2	2RN2A	2RN2A	Y28F;R29H;G30A;R31H	-0.9	4
SET_3	1A5EA	1A5EA	W15D;L37S;L121R	1.42	3
SET_3	1BNIA	1BNIA	A43C;S80C	-0.64	2
SET_3	1BNIA	1BNIA	D12A;R110A	-0.72	2
SET_3	1BNIA	1BNIA	D12A;T16R	-0.13	2
SET_3	1BNIA	1BNIA	D8A;D12A	-0.585	2
SET_3	1BNIA	1BNIA	D8A;D12A;R110A	0.992	3
SET_3	1BNIA	1BNIA	D8A;R110A	-0.47	2
SET_3	1BNIA	1BNIA	D8A;V10A	-1.13	2
SET_3	1BNIA	1BNIA	H18A;W94L	-2.3	2
SET_3	1BNIA	1BNIA	H18G;W94L	-0.43	2
SET_3	1BNIA	1BNIA	H18K;W94L	-2.7	2
SET_3	1BNIA	1BNIA	H18N;W94L	-1.7	2
SET_3	1BNIA	1BNIA	H18R;W94L	-1.6	2
SET_3	1BNIA	1BNIA	H18S;W94L	-2.8	2
SET_3	1BNIA	1BNIA	I4A;I25V;I51V;Y78F	-5.2	4
SET_3	1BNIA	1BNIA	I4A;I51V	-2.63	2
SET_3	1BNIA	1BNIA	I4A;I76V	-1.86	2
SET_3	1BNIA	1BNIA	I4A;Y78F	-2.53	2
SET_3	1BNIA	1BNIA	Q15I;T16R;K19R	1.98	3
SET_3	1BNIA	1BNIA	Q15I;T16R;K19R;G65S;K66A;K108R	2.98	6
SET_3	1BNIA	1BNIA	R69S;D93N	-3.49	2
SET_3	1BNIA	1BNIA	R83K;D75N	-5.4	2
SET_3	1BNIA	1BNIA	S85C;H102C	-5.95	2
SET_3	1BNIA	1BNIA	T16S;Y17A	-2.47	2
SET_3	1BNIA	1BNIA	T26H;D54N	-5.005	2
SET_3	1BNIA	1BNIA	W94L;H18G	0.33	2
SET_3	1BNIA	1BNIA	Y13A;Y17A	2.23	2
SET_3	1BNIA	1BNIA	Y13F;Y17F	-1.23	2
SET_3	1BNIA	1BNIA	Y17A;T16A	-1.92	2
SET_3	1CEYA	1CEYA	A103G;F14N	1.2	2
SET_3	1CEYA	1CEYA	A36G;F14N	-0.2	2
SET_3	1CEYA	1CEYA	A42G;F14N	0.6	2
SET_3	1CEYA	1CEYA	A97G;F14N	1.5	2
SET_3	1CEYA	1CEYA	A98G;F14N	1.6	2
SET_3	1CEYA	1CEYA	D38A;F14N	1.0	2
SET_3	1CEYA	1CEYA	D38G;F14N	1.9	2
SET_3	1CEYA	1CEYA	D64A;F14N	1.7	2
SET_3	1CEYA	1CEYA	D64G;F14N	2.6	2
SET_3	1CEYA	1CEYA	G76A;F14N	3.4	2
SET_3	1CEYA	1CEYA	K91A;F14N	3.3	2
SET_3	1CEYA	1CEYA	K91G;F14N	3.4	2
SET_3	1CEYA	1CEYA	P110G;F14N	1.1	2
SET_3	1CEYA	1CEYA	T112A;F14N	1.4	2
SET_3	1CEYA	1CEYA	T112G;F14N	1.9	2
SET_3	1CUNA	1AJ3A	W22Y;S74L	-0.575	2
SET_3	1K9QA	1K9QA	A20R;D34T	1.34	2
SET_3	1K9QA	1K9QA	A20R;L30Y	1.86	2
SET_3	1K9QA	1K9QA	A20R;L30Y;D34T	2.54	3
SET_3	1LRPA	1LMB4	A15G;G46A;G48A	-0.55	3
SET_3	1LRPA	1LMB4	A20G;G46A;G48A	0.87	3
SET_3	1LRPA	1LMB4	A37G;G46A;G48A	0.62	3
SET_3	1LRPA	1LMB4	A49G;G46A;G48A	1.25	3
SET_3	1LRPA	1LMB4	A63G;G46A;G48A	1.49	3
SET_3	1LRPA	1LMB4	A66G;G46A;G48A	0.07	3
SET_3	1LRPA	1LMB4	A81G;G46A;G48A	0.77	3
SET_3	1LRPA	1LMB4	G46A;G48A	-0.37	2
SET_3	1LRPA	1LMB4	G46A;G48A;P78A	0.2	3
SET_3	1LRPA	1LMB4	M40V;V47L	-1.1	2
SET_3	1LRPA	1LMB4	V36F;M40F;V47F	-3.05	3
SET_3	1LRPA	1LMB4	V36F;M40F;V47I	-2.2	3
SET_3	1LRPA	1LMB4	V36F;M40F;V47I;L65F	-1.7	4
SET_3	1LRPA	1LMB4	V36F;M40L	-1.4	2
SET_3	1LRPA	1LMB4	V36I;M40V;V47I	-0.8	3
SET_3	1LRPA	1LMB4	V36I;M40V;V47L	-0.9	3
SET_3	1LRPA	1LMB4	V36L;M40L;V47I	0.2	3
SET_3	1LRPA	1LMB4	V36L;M40V;V47I	-1.1	3
SET_3	1LRPA	1LMB4	Y88C;G46A;G48A	4.2	3
SET_3	1MJCA	1C9OA	E46A;L66E	-0.84	2
SET_3	1MJCA	1C9OA	E50W;L66C	-6.6	2
SET_3	1MJCA	1C9OA	E50W;Q2C	0.2	2
SET_3	1MJCA	1C9OA	E50W;S24C	-0.75	2
SET_3	1MJCA	1C9OA	F38W;L66C	-0.985	2
SET_3	1MJCA	1C9OA	F38W;N11C	-1.2	2
SET_3	1MJCA	1C9OA	G23Q;S24D	0.07	2
SET_3	1MJCA	1C9OA	R3E;E21A	-2.7	2
SET_3	1MJCA	1C9OA	R3E;E46A	-0.43	2
SET_3	1MJCA	1C9OA	R3E;E46A;L66E	-1.65	3
SET_3	1MJCA	1C9OA	R3E;L66E	-1.94	2
SET_3	1MJCA	1CSPA	A46K;S48R	2.65	2
SET_3	1MJCA	1CSPA	A46K;S48R;E66L	3.75	3
SET_3	1MJCA	1CSPA	D25K;E19Q	-1.43	2
SET_3	1MJCA	1CSPA	D25Q;E19Q	-1.1	2
SET_3	1MJCA	1CSPA	E21Q;E19Q	-0.41	2
SET_3	1MJCA	1CSPA	E3K;E66K	1.91	2
SET_3	1MJCA	1CSPA	E3K;K65I;E66K	2.94	3
SET_3	1MJCA	1CSPA	E3R;A46K;S48R	3.37	3
SET_3	1MJCA	1CSPA	E3R;A46K;S48R;E66L	2.8	4
SET_3	1MJCA	1CSPA	E3R;E66L	1.53	2
SET_3	1MJCA	1CSPA	E3R;F15A;D25K;F27A	-1.24	4
SET_3	1MJCA	1CSPA	E3R;F15A;E19K;F27A	-0.57	4
SET_3	1MJCA	1CSPA	E3R;F15A;F27A	0.0	3
SET_3	1MJCA	1CSPA	E3R;T64V;E66L	3.7	3
SET_3	1MJCA	1CSPA	E43G;A46K;S48R	2.82	3
SET_3	1MJCA	1CSPA	E43K;A46K;S48K	2.89	3
SET_3	1MJCA	1CSPA	E43S;A46K;S48K	2.61	3
SET_3	1MJCA	1CSPA	E43S;A46K;S48R	2.7	3
SET_3	1MJCA	1CSPA	E66L;A67P	2.15	2
SET_3	1MJCA	1CSPA	M1R;E3K	3.9	2
SET_3	1MJCA	1CSPA	M1R;E3K;E66K	1.55	3
SET_3	1MJCA	1CSPA	M1R;E3K;K65I	5.0	3
SET_3	1MJCA	1CSPA	M1R;E3K;K65I;E66K	3.37	4
SET_3	1MJCA	1CSPA	M1R;E3K;K65I;E66L	4.8	4
SET_3	1MJCA	1CSPA	M1R;E66K	2.63	2
SET_3	1MJCA	1CSPA	M1R;K65I;E66K	3.56	3
SET_3	1MJCA	1CSPA	N55S;Q59R	-0.17	2
SET_3	1MJCA	1CSPA	V20E;E3R	-3.37	2
SET_3	1MJCA	1CSPA	V20K;E3R	-2.1	2
SET_3	1MJCA	1CSPA	V20Q;E3R	-1.63	2
SET_3	1MJCA	1MJCA	F18L;F20L	-0.88	2
SET_3	1MJCA	1MJCA	F18L;F20L;F31L	-0.88	3
SET_3	1MJCA	1MJCA	F18L;F31L	-1.56	2
SET_3	1MJCA	1MJCA	F18S;F20S	-1.97	2
SET_3	1MJCA	1MJCA	F18S;F20S;F31S	-1.77	3
SET_3	1MJCA	1MJCA	F18S;F31S	-1.39	2
SET_3	1MJCA	1MJCA	F20L;F31L	-0.48	2
SET_3	1MJCA	1MJCA	F20S;F31S	-0.96	2
SET_3	1MSIA	1MSIA	D36A;R39A	-0.69	2
SET_3	1MSIA	1MSIA	R23A;E25A	-0.5	2
SET_3	1MSIA	1MSIA	R47A;D58N	-0.585	2
SET_3	1QJPA	1QJPA	F123A;W143A	-3.9	2
SET_3	1QJPA	1QJPA	F123A;Y141A	-5.3	2
SET_3	1QJPA	1QJPA	F123A;Y141A;W143A	-6.8	3
SET_3	1QJPA	1QJPA	W7A;Y43A	-6.4	2
SET_3	1QJPA	1QJPA	Y141A;W143A	-5.7	2
SET_3	1QJPA	1QJPA	Y168A;F170A	-1.2	2
SET_3	1QJPA	1QJPA	Y55A;W57A	-4.2	2
SET_3	1RG8A	2AFGA	C16S;H93G	-1.0	2
SET_3	1RG8A	2AFGA	C83S;C117S	-1.805	2
SET_3	1RG8A	2AFGA	C83T;C117V	1.46	2
SET_3	1RG8A	2AFGA	H102Y;F108Y	0.5805	2
SET_3	1RG8A	2AFGA	H21Y;F108Y	0.7145	2
SET_3	1RG8A	2AFGA	H21Y;H102Y	0.733	2
SET_3	1RG8A	2AFGA	H21Y;H102Y;F108Y	1.0835	3
SET_3	1RG8A	2AFGA	H21Y;L44F	0.992	2
SET_3	1RG8A	2AFGA	H21Y;L44F;F108Y	1.2105	3
SET_3	1RG8A	2AFGA	H21Y;L44F;H102Y	1.193	3
SET_3	1RG8A	2AFGA	H21Y;L44F;H102Y;F108Y	1.4625	4
SET_3	1RG8A	2AFGA	L44F;C83T;C117V;F132W	-0.1	4
SET_3	1RG8A	2AFGA	L44F;F108Y	0.6705	2
SET_3	1RG8A	2AFGA	L44F;H102Y	0.683	2
SET_3	1RG8A	2AFGA	L44F;H102Y;F108Y	0.9475	3
SET_3	1RG8A	2AFGA	L44P;L73V;V109L	-0.14	3
SET_3	1RG8A	2AFGA	L44W;F132W	-0.93	2
SET_3	1RG8A	2AFGA	L73V;V109L	-0.88	2
SET_3	1RHGA	1RHGA	G149A;G150A	4.2	2
SET_3	1RHGA	1RHGA	G26A;G149A;G150A	3.46	3
SET_3	1RHGA	1RHGA	G26A;G28A	2.74	2
SET_3	1RHGA	1RHGA	G28A;G149A;G150A	6.16	3
SET_3	1SCEA	1SCEA	P90A;P92A	0.93	2
SET_3	1SCEA	1SCEA	P90G;P92G	0.88	2
SET_3	1SHGA	1SHGA	A11V;M25I;V44I;V58L	0.5	4
SET_3	1SHGA	1SHGA	A11V;M25I;V58L	2.2	3
SET_3	1SHGA	1SHGA	A11V;M25V;V44I;V58L	1.5	4
SET_3	1SHGA	1SHGA	A11V;V23L;M25I;V44I;V58L	0.2	5
SET_3	1SHGA	1SHGA	A11V;V23L;M25I;V53I;V58L	-0.1	5
SET_3	1SHGA	1SHGA	A11V;V23L;M25I;V58L	2.0	4
SET_3	1SHGA	1SHGA	A11V;V23L;M25L;V44A;V53F;V58L	-3.3	6
SET_3	1SHGA	1SHGA	A11V;V23L;M25V;V44I;V58L	1.0	5
SET_3	1SHGA	1SHGA	A11V;V23L;M25V;V53I;V58L	1.7	5
SET_3	1SHGA	1SHGA	K18Y;F52Y;K59Y	2.11	3
SET_3	1SHGA	1SHGA	K18Y;K27Y;F52Y;K59Y	4.75	4
SET_3	1SHGA	1SHGA	K18Y;K59F	-3.6	2
SET_3	1SHGA	1SHGA	K18Y;K59F;Y57F	1.207	3
SET_3	1SHGA	1SHGA	V9I;A11I;V23I;M25I;V44I;V53I;V58I	-1.5	7
SET_3	1SHGA	1SHGA	V9I;A11V;V23L;M25I;V44I;V53I;V58I	-2.0	7
SET_3	1SHGA	1SHGA	V9I;A11V;V23L;M25I;V53F;V58L	-2.6	6
SET_3	1SHGA	1SHGA	V9I;V23L;M25V;V44I;V58N	-4.1	5
SET_3	1SHGA	1SHGA	V9L;A11V;V23L;M25I;L31I;L33I;V44L;V53F;V58L	-3.1	9
SET_3	1SHGA	1SHGA	V9L;A11V;V23L;M25I;L33I;V44I;V53I;V58I	-2.4	8
SET_3	1SHGA	1SHGA	V9L;A11V;V23L;M25I;L33I;V53I;V58I	-2.5	7
SET_3	1SHGA	1SHGA	V9L;A11V;V23L;M25L;V53L;V58L	-2.8	6
SET_3	1SHGA	1SHGA	Y13F;K18F;K59F	2.44	3
SET_3	1SHGA	1SHGA	Y13F;K18F;K59F;Y57F	2.48	4
SET_3	1SHGA	1SHGA	Y13F;K18Y;K59F	-0.064	3
SET_3	1SHGA	1SHGA	Y13F;K18Y;K59F;Y57F	0.072	4
SET_3	1SHGA	1SHGA	Y13F;Y57F	-3.3	2
SET_3	1SHGA	1SHGA	Y57F;K59Y	0.97	2
SET_3	1UWOA	1IGVA	D19N;E26Q	0.52	2
SET_3	1UWOA	1IGVA	E17Q;D19N	1.19	2
SET_3	1UWOA	1IGVA	E17Q;D19N;E26Q	0.93	3
SET_3	1UWOA	1IGVA	E17Q;E26Q	0.26	2
SET_3	1UWOA	1UWOA	L3A;F14A	-7.05	2
SET_3	1UWOA	1UWOA	L3A;I11A	-2.165	2
SET_3	2AC0A	2AC0A	C124W;M133L	-1.3	2
SET_3	2AC0A	2AC0A	C124W;M133L;C135I;C141F	-2.0	4
SET_3	2AC0A	2AC0A	H115E;W146R;Q165K;Q167E;L206H;F212K;N268R	0.3	7
SET_3	2AC0A	2AC0A	L145I;V157I	-1.2	2
SET_3	2AC0A	2AC0A	L145V;V157L	0.8	2
SET_3	2AC0A	2AC0A	M133L;C141V;Y236F;T253L	-1.2	4
SET_3	451CA	451CA	F34Y;E43Y	-1.21	2
SET_3	451CA	451CA	F34Y;E43Y;V78I	2.95	3
SET_3	451CA	451CA	F34Y;Q37R	1.5	2
SET_3	451CA	451CA	F34Y;Q37R;E43Y	2.0	3
SET_3	451CA	451CA	F7A;V13M	-1.0	2
SET_3	451CA	451CA	F7A;V13M;F34Y;E43Y	3.76	4
SET_3	451CA	451CA	F7A;V13M;F34Y;E43Y;V78I	5.32	5
SET_3	451CA	451CA	F7A;V13M;V78I	2.29	3
SET_3	451CA	451CA	Q37R;E43Y	0.5	2
SET_4	1AMQA	1AMQA	C82A;C191A;C192A;C270A;C401A	-1.0	5
SET_4	1AMQA	1AMQA	K68E;E265K	-6.6	2
SET_4	1AMQA	1AMQA	K68M;E265Q	-4.95	2
SET_4	1AQHA	1AQHA	Q58C;A99C	1.87	2
SET_4	1BVCA	1BVCA	G129A;V114A	-0.92	2
SET_4	1BVCA	1BVCA	G129A;V66A	-1.36	2
SET_4	1BVCA	1BVCA	G23A;G25A	0.76	2
SET_4	1BVCA	1BVCA	G65A;G73A	-0.125	2
SET_4	1BVCA	1BVCA	H24V;H119F	0.575	2
SET_4	1BVCA	1BVCA	L11A;V66A	0.57	2
SET_4	1BVCA	1BVCA	N132G;E136G	-0.3	2
SET_4	1BVCA	1BVCA	V114A;G129A;V66A;L149A	0.72	4
SET_4	1BVCA	1BVCA	V114A;H116A;S117A	-0.7	3
SET_4	1BVCA	1BVCA	V114A;H116A;S117A;G23A	-0.48	4
SET_4	1BVCA	1BVCA	V114A;H116A;S117A;V66A;G129A;L149A	-0.92	6
SET_4	1BVCA	1BVCA	V114A;L149A;G129A	1.4	3
SET_4	1BVCA	1BVCA	V114A;V66A;G129A;L149A;G23A	0.31	5
SET_4	1BVCA	1BVCA	V66A;G129A;G23A	-1.1	3
SET_4	1BVCA	1BVCA	V66A;G129A;G23A;V13A	-0.75	4
SET_4	1BVCA	1BVCA	V66A;G129A;L149A	-0.16	3
SET_4	1BVCA	1BVCA	V66A;G23A	-0.45	2
SET_4	1BVCA	1BVCA	V66A;L135A	4.79	2
SET_4	1BVCA	1BVCA	V66A;L137A	0.42	2
SET_4	1BVCA	1BVCA	V66A;L149A	0.97	2
SET_4	1BVCA	1BVCA	V66A;V114A	0.62	2
SET_4	1BVCA	1BVCA	V66A;V114A;G129A	0.64	3
SET_4	1BVCA	1BVCA	V66A;V114A;G129A;L149A;G23A;V13A	-0.37	6
SET_4	1BVCA	1BVCA	V66A;V114A;V13A	0.97	3
SET_4	1BVCA	1BVCA	V66A;V114A;V13A;G23A	-1.48	4
SET_4	1BVCA	1BVCA	V66A;V13A	-0.86	2
SET_4	1EL1A	1HFYA	A30I;T33I	0.4	2
SET_4	1EL1A	1LZ1A	C77A;C95A	-5.8	2
SET_4	1EL1A	1LZ1A	P71G;P103G	-1.1	2
SET_4	1EL1A	1LZ1A	W64C;C65A	-2.2	2
SET_4	1EL1A	4LYZA	D101G;G102P	0.9	2
SET_4	1EL1A	4LYZA	G102A;G104A	2.0	2
SET_4	1EL1A	4LYZA	G117P;T118G	-2.6	2
SET_4	1EL1A	4LYZA	I55A;S91T	-2.77	2
SET_4	1EL1A	4LYZA	I55L;S91T	1.25	2
SET_4	1EL1A	4LYZA	I55V;S91A	-1.25	2
SET_4	1EL1A	4LYZA	I55V;S91T	0.0	2
SET_4	1EL1A	4LYZA	I55V;S91V	-1.25	2
SET_4	1EL1A	4LYZA	M12F;L56F	1.49	2
SET_4	1EL1A	4LYZA	M12L;L56F	1.12	2
SET_4	1EL1A	4LYZA	P70G;G71P	-1.0	2
SET_4	1EL1A	4LYZA	Q121G;A122P	-1.7	2
SET_4	1EL1A	4LYZA	Q121P;A122G	-2.8	2
SET_4	1EL1A	4LYZA	T40S;I55V	-1.33	2
SET_4	1EL1A	4LYZA	T40S;I55V;S91A	-1.67	3
SET_4	1EL1A	4LYZA	T40S;I55V;S91T	-0.3	3
SET_4	1EL1A	4LYZA	T40S;S91A	-0.87	2
SET_4	1EL1A	4LYZA	T40S;S91T	0.61	2
SET_4	1EL1A	4LYZA	T40S;S91V	-0.53	2
SET_4	1FNFA	1FNFA	A1340C;L1408P;V1442C	0.54	3
SET_4	1FNFA	1FNFA	R1371I;D1373I	-0.6	2
SET_4	1FNFA	1FNFA	R1421I;V1426R;A1427V	-0.24	3
SET_4	1HMSA	2IFBA	G65A;V66F	-0.57	2
SET_4	1HMSA	2IFBA	G65A;V66R	-2.16	2
SET_4	1HMSA	2IFBA	G65A;V66W	-4.17	2
SET_4	1HMSA	2IFBA	G65D;V66F	-2.47	2
SET_4	1HMSA	2IFBA	G65D;V66H	-0.82	2
SET_4	1HMSA	2IFBA	L64G;G65A;V66F	-5.65	3
SET_4	1HMSA	2IFBA	L64K;G65V;V66D	-5.08	3
SET_4	1HMSA	2IFBA	L64R;G65A;V66C	-5.53	3
SET_4	1HMSA	2IFBA	L64S;G65A;V66N	-4.67	3
SET_4	1HMSA	2IFBA	L64T;G65A;V66G	-4.75	3
SET_4	1HMSA	2IFBA	L64T;G65V;V66P	-5.3	3
SET_4	1HNGA	1CDCA	A40G;L50V	0.72	2
SET_4	1HNGA	1CDCA	I18V;V78A	5.06	2
SET_4	1HNGA	1CDCA	L16V;L95V	2.01	2
SET_4	1HNGA	1CDCA	V78A;L89V	4.06	2
SET_4	1IRLA	1IRLA	L18M;L19S	0.0	2
SET_4	1OIAA	1OIAA	N15E;Q39E;N67E;Q85K	0.98	4
SET_4	1ONCA	1ONCA	C87A;C104A	-7.65	2
SET_4	1WQ5A	1WQ5A	F139W;F258W	-0.8	2
SET_4	1WQ5A	1WQ5A	Y175C;G211E	-1.15	2
SET_4	1WQ5A	2WSYA	A18G;I232V	-2.85	2
SET_4	1WQ5A	2WSYA	A18V;I232V	-1.0	2
SET_4	1WQ5A	2WSYA	Y175Q;L209V	0.05	2
SET_4	1ZG4A	4BLMA	S126C;S265C	-0.9	2
SET_4	2A01A	1AV1A	D102A;D103A	-1.05	2
SET_4	2A01A	1AV1A	E110A;E111A	-0.75	2
SET_4	2A01A	1AV1A	E125K;E128K;K133E;E139K	0.45	4
SET_4	2A01A	1AV1A	R116V;K118A	-0.25	2
SET_4	2A01A	1AV1A	R160V;H162A	-0.5	2
SET_4	2LZMA	1L63A	I27M;L33M	-3.1	2
SET_4	2LZMA	1L63A	M102A;M106A	-3.7	2
SET_4	2LZMA	2LZMA	A129M;F153A	-4.3	2
SET_4	2LZMA	2LZMA	A41V;V131A	0.6	2
SET_4	2LZMA	2LZMA	A98V;T152S	-5.5	2
SET_4	2LZMA	2LZMA	A98V;V149C;T152S	-4.4	3
SET_4	2LZMA	2LZMA	A98V;V149I;T152S	-4.4	3
SET_4	2LZMA	2LZMA	C54T;C97A	-1.27	2
SET_4	2LZMA	2LZMA	C54V;C97S	-2.1	2
SET_4	2LZMA	2LZMA	D127A;E128A	0.24	2
SET_4	2LZMA	2LZMA	D127A;E128A;V131A;N132A	0.85	4
SET_4	2LZMA	2LZMA	D127A;E128A;V131A;N132A;K135A;S136A	-0.5	6
SET_4	2LZMA	2LZMA	D127A;E128A;V131A;N132A;K135A;S136A;R137A;Y139A;N140A;Q141A	-0.5	10
SET_4	2LZMA	2LZMA	D127A;E128A;V131A;N132A;L133A	-2.5	5
SET_4	2LZMA	2LZMA	D89A;R96H	-3.8	2
SET_4	2LZMA	2LZMA	E128A;V131A	0.44	2
SET_4	2LZMA	2LZMA	E128A;V131A;N132A	0.9	3
SET_4	2LZMA	2LZMA	E128A;V131A;N132A;K135A;S136A;R137A	-0.5	6
SET_4	2LZMA	2LZMA	E128A;V131A;N132A;K135A;S136A;R137A;Y139A;N140A;Q141A	-0.5	9
SET_4	2LZMA	2LZMA	E128A;V131A;N132A;L133A	-2.5	4
SET_4	2LZMA	2LZMA	E45A;K48A	0.01	2
SET_4	2LZMA	2LZMA	G28A;I29A;G30A	-5.5	3
SET_4	2LZMA	2LZMA	H31N;D70N	-4.0	2
SET_4	2LZMA	2LZMA	K135E;K147E	-1.5	2
SET_4	2LZMA	2LZMA	K16E;K135E	-0.7	2
SET_4	2LZMA	2LZMA	K16E;K135E;K147E	-1.7	3
SET_4	2LZMA	2LZMA	K16E;R119E	0.4	2
SET_4	2LZMA	2LZMA	K16E;R119E;K135E;K147E	-1.0	4
SET_4	2LZMA	2LZMA	K16E;R154E	-0.8	2
SET_4	2LZMA	2LZMA	K60H;L13D	-2.8	2
SET_4	2LZMA	2LZMA	K83H;A112D	-1.5	2
SET_4	2LZMA	2LZMA	K85A;R96H	-3.6	2
SET_4	2LZMA	2LZMA	L121A;A129L	-1.1	2
SET_4	2LZMA	2LZMA	L121A;A129L;L133A;F153L	-3.5	4
SET_4	2LZMA	2LZMA	L121A;A129M	-1.0	2
SET_4	2LZMA	2LZMA	L121A;A129M;F153L	-1.1	3
SET_4	2LZMA	2LZMA	L121A;A129M;V149I	-1.4	3
SET_4	2LZMA	2LZMA	L121A;A129V;L133M;F153L	-2.3	4
SET_4	2LZMA	2LZMA	L121I;A129L;L133M;F153W	-1.3	4
SET_4	2LZMA	2LZMA	L121I;A129W;L133M	-1.4	3
SET_4	2LZMA	2LZMA	L121M;A129L;L133M;V149I;F153W	-1.3	5
SET_4	2LZMA	2LZMA	L121M;L133V;F153L	-2.5	3
SET_4	2LZMA	2LZMA	L32A;L33A;T34A;E108V	-3.0	4
SET_4	2LZMA	2LZMA	L99A;E108V	-3.1	2
SET_4	2LZMA	2LZMA	L99A;F153A	-6.9	2
SET_4	2LZMA	2LZMA	L99F;F153L	0.03	2
SET_4	2LZMA	2LZMA	L99F;M102L	-0.75	2
SET_4	2LZMA	2LZMA	L99F;M102L;F153L	-0.22	3
SET_4	2LZMA	2LZMA	L99F;M102L;V111I	-1.2	3
SET_4	2LZMA	2LZMA	L99F;M102L;V111I;F153L	-0.65	4
SET_4	2LZMA	2LZMA	L99F;V111I	-0.93	2
SET_4	2LZMA	2LZMA	L99F;V111I;F153L	-0.43	3
SET_4	2LZMA	2LZMA	L99G;E108V	-5.6	2
SET_4	2LZMA	2LZMA	M102L;V111F	-2.11	2
SET_4	2LZMA	2LZMA	M120A;Q122A	-0.25	2
SET_4	2LZMA	2LZMA	M6I;R96H	-5.08	2
SET_4	2LZMA	2LZMA	N116A;M120A	0.21	2
SET_4	2LZMA	2LZMA	N116D;R119M	0.6	2
SET_4	2LZMA	2LZMA	N144E;K147M	0.4	2
SET_4	2LZMA	2LZMA	N40A;S44A;E45A;D47A;K48A;D127A;E128A;V131A;N132A	1.75	9
SET_4	2LZMA	2LZMA	N53A;N55A;V57A	-1.5	3
SET_4	2LZMA	2LZMA	N53A;N55A;V57A;E128A;V131A;N132A	-0.8	6
SET_4	2LZMA	2LZMA	R119A;Q123A	-0.17	2
SET_4	2LZMA	2LZMA	R119E;K135E	-1.1	2
SET_4	2LZMA	2LZMA	R119E;K135E;K147E	-1.6	3
SET_4	2LZMA	2LZMA	R14A;K16A;I17A;K19A;T21A;E22A	-3.0	6
SET_4	2LZMA	2LZMA	R80K;R119H	-0.47	2
SET_4	2LZMA	2LZMA	S117A;N132I	2.0	2
SET_4	2LZMA	2LZMA	S117A;N132M	1.8	2
SET_4	2LZMA	2LZMA	S117A;R119A	1.16	2
SET_4	2LZMA	2LZMA	S117I;N132I	1.4	2
SET_4	2LZMA	2LZMA	S117I;N132M	2.0	2
SET_4	2LZMA	2LZMA	S38D;A82P;N144D	1.59	3
SET_4	2LZMA	2LZMA	S38D;A82P;N144D;I3L	2.32	4
SET_4	2LZMA	2LZMA	S38D;A82P;N144D;I3L;V131A	2.57	5
SET_4	2LZMA	2LZMA	S38D;A82P;N144D;I3L;V131A;A41V	2.87	6
SET_4	2LZMA	2LZMA	S38D;A82P;N144D;I3L;V131A;A41V;N116D	3.57	7
SET_4	2LZMA	2LZMA	S38D;N144D	1.03	2
SET_4	2LZMA	2LZMA	S90H;Q122D	-2.2	2
SET_4	2LZMA	2LZMA	T115A;R119A	-0.17	2
SET_4	2LZMA	2LZMA	T115A;S117A	0.95	2
SET_4	2LZMA	2LZMA	T155A;T157I	-4.31	2
SET_4	2LZMA	2LZMA	T34A;K35A;S36A;P37A	-0.7	4
SET_4	2LZMA	2LZMA	T34A;K35A;S36A;P37A;E128A;V131A;N132A	-0.2	7
SET_4	2LZMA	2LZMA	V111I;F153L	-1.09	2
SET_4	2LZMA	2LZMA	V131A;A41V	0.66	2
SET_4	2LZMA	2LZMA	V131A;N132A	0.57	2
SET_4	2LZMA	2LZMA	Y24A;Y25A;T26A;I27A	-5.5	4
SET_4	2ZTAA	2ZTAA	E11Q;E20Q;E22Q	-2.37	3
SET_4	2ZTAA	2ZTAA	E11Q;K15A	-0.14	2
SET_4	2ZTAA	2ZTAA	E20Q;E22Q	-1.72	2
SET_4	2ZTAA	2ZTAA	E22Q;K27A	-2.8	2
SET_4	2ZTAA	2ZTAA	H18R;N21E	0.22	2
SET_4	2ZTAA	2ZTAA	K15A;E20Q	0.82	2
SET_4	2ZTAA	2ZTAA	K8A;E11Q	-0.57	2
SET_4	2ZTAA	2ZTAA	S14A;H18A;N21A	1.07	3
SET_4	2ZTAA	2ZTAA	S14A;H18A;N21R	1.23	3
SET_4	2ZTAA	2ZTAA	S14A;H18E;N21A	0.76	3
SET_4	2ZTAA	2ZTAA	S14A;H18E;N21R	1.15	3
SET_4	2ZTAA	2ZTAA	S14R;H18A;N21A	1.07	3
SET_4	2ZTAA	2ZTAA	S14R;H18A;N21R	1.15	3
SET_4	2ZTAA	2ZTAA	S14R;H18E;N21A	1.64	3
SET_4	2ZTAA	2ZTAA	S14R;H18E;N21R	1.72	3
SET_4	3MBPA	3MBPA	G32D;I33P	-4.0	2
