#SET,CLID,PDB,MUT,DDG,pH,T,COMMENT
SET_0,1A5EA,1IHBA,F37H,-1.24,7.50,25.00,
SET_0,1A5EA,1IHBA,R55V,-0.32,7.50,25.00,
SET_0,1A5EA,1IHBA,F71N,0.71,7.50,25.00,
SET_0,1A5EA,1IHBA,F82Q,-0.46,7.50,25.00,
SET_0,1A5EA,1IHBA,F92N,-1.08,7.50,25.00,
SET_0,1AARA,1AARA,F45W,0.60,5.00,25.00,
SET_0,1AARA,1UBQA,V26A,-3.30,5.00,25.00,
SET_0,1AARA,1UBQA,V26G,-6.30,5.00,25.00,
SET_0,1AARA,1UBQA,V26I,1.10,5.00,25.00,
SET_0,1AARA,1UBQA,V26L,0.30,5.00,25.00,
SET_0,1BPIA,1BPIA,P13A,-1.60,8.70,25.00,
SET_0,1BPIA,1BPIA,P13S,-1.40,8.70,25.00,
SET_0,1BPIA,1BPIA,A16T,-1.70,8.70,25.00,
SET_0,1BPIA,1BPIA,A16V,-1.30,8.70,25.00,
SET_0,1BPIA,1BPIA,Y35D,-3.80,8.70,25.00,
SET_0,1BPIA,1BPIA,Y35L,-3.70,8.70,25.00,
SET_0,1BTAA,1BTAA,K22Q,-0.80,8.00,25.00,
SET_0,1BTAA,1BTAA,K60E,-1.35,8.00,25.00,
SET_0,1BTAA,1BTAA,R75L,0.70,8.00,25.00,
SET_0,1C5GA,1QLPA,A31L,0.90,6.50,25.00,
SET_0,1C5GA,1QLPA,A31P,2.50,6.50,25.00,
SET_0,1C5GA,1QLPA,V55I,-0.20,6.50,25.00,
SET_0,1C5GA,1QLPA,A70G,1.60,6.50,25.00,
SET_0,1C5GA,1QLPA,A183I,1.80,6.50,25.00,
SET_0,1C5GA,1QLPA,A183V,3.80,6.50,25.00,
SET_0,1C5GA,1QLPA,A248F,1.80,6.50,25.00,
SET_0,1C5GA,1QLPA,A248I,2.20,6.50,25.00,
SET_0,1C5GA,1QLPA,A248L,1.50,6.50,25.00,
SET_0,1C5GA,1QLPA,A248V,2.30,6.50,25.00,
SET_0,1C5GA,1QLPA,A284I,0.00,6.50,25.00,
SET_0,1C5GA,1QLPA,A284L,-0.80,6.50,25.00,
SET_0,1C5GA,1QLPA,A284V,0.80,6.50,25.00,
SET_0,1C5GA,1QLPA,V321I,0.60,6.50,25.00,
SET_0,1C5GA,1QLPA,V364L,-0.30,6.50,25.00,
SET_0,1C5GA,1QLPA,M374I,2.30,6.50,25.00,
SET_0,1C5GA,1QLPA,S381A,1.00,6.50,25.00,
SET_0,1CEYA,1CEYA,F14N,2.90,7.00,25.00,
SET_0,1CEYA,1CEYA,A77G,-0.30,8.00,25.00,
SET_0,1CEYA,1CEYA,A80G,0.60,8.00,25.00,
SET_0,1CEYA,1CEYA,A88G,0.10,8.00,25.00,
SET_0,1E65A,5AZUA,I7S,-3.00,7.20,20.00,apo_form
SET_0,1E65A,5AZUA,V60G,-3.11,7.00,25.00,apo_form
SET_0,1E65A,5AZUA,A82G,-3.11,7.00,25.00,apo_form
SET_0,1HNGA,1HNGA,L16V,-2.20,7.00,25.00,residues_2-99
SET_0,1HNGA,1HNGA,I18V,-1.17,7.00,25.00,residues_2-99
SET_0,1HNGA,1HNGA,V30A,-4.88,7.00,25.00,residues_2-99
SET_0,1HNGA,1HNGA,A40G,-1.71,7.00,25.00,residues_2-99
SET_0,1HNGA,1HNGA,L50V,0.37,7.00,25.00,residues_2-99
SET_0,1HNGA,1HNGA,I57V,-0.43,7.00,25.00,residues_2-99
SET_0,1HNGA,1HNGA,Y76F,-1.49,5.00,25.00,residues_2-99
SET_0,1HNGA,1HNGA,V78A,-3.01,7.00,25.00,residues_2-99
SET_0,1HNGA,1HNGA,L89V,-0.14,7.00,25.00,residues_2-99
SET_0,1HNGA,1HNGA,L95V,-0.75,7.00,25.00,residues_2-99
SET_0,1IETA,1B5MA,D60R,0.14,7.20,25.00,apo_form
SET_0,1IETA,1B5MA,P81A,-1.51,7.20,25.00,apo_form
SET_0,1IETA,1CYOA,S71L,0.80,7.00,25.00,apo_form
SET_0,1IOBA,1IOBA,R4P,-0.40,6.50,25.00,
SET_0,1IOBA,1IOBA,R4Q,-1.00,6.50,25.00,
SET_0,1IOBA,1IOBA,L6A,-3.10,6.50,25.00,
SET_0,1IOBA,1IOBA,N7D,0.43,6.50,25.00,
SET_0,1IOBA,1IOBA,N7G,-2.60,6.50,25.00,
SET_0,1IOBA,1IOBA,C8A,-2.52,6.50,25.00,
SET_0,1IOBA,1IOBA,C8S,-4.80,6.50,25.00,
SET_0,1IOBA,1IOBA,L10A,-5.10,6.50,25.00,
SET_0,1PGAA,1PGAA,T2P,-2.70,5.50,25.00,
SET_0,1PGAA,1PGAA,I6N,-1.53,5.20,25.00,
SET_0,1PGAA,1PGAA,I6T,-1.60,5.20,25.00,
SET_0,1PGAA,1PGAA,G9P,-2.40,5.50,25.00,
SET_0,1PGAA,1PGAA,K10P,-0.20,5.50,25.00,
SET_0,1PGAA,1PGAA,V21P,0.50,5.50,25.00,
SET_0,1PGAA,1PGAA,A23P,-0.30,5.50,25.00,
SET_0,1PGAA,1PGAA,A24P,-0.50,5.50,25.00,
SET_0,1PGAA,1PGAA,T25P,-2.80,5.50,25.00,
SET_0,1PGAA,1PGAA,A26P,-3.40,5.50,25.00,
SET_0,1PGAA,1PGAA,V29P,-3.50,5.50,25.00,
SET_0,1PGAA,1PGAA,D36P,-3.10,5.50,25.00,
SET_0,1PGAA,1PGAA,A48P,-0.70,5.50,25.00,
SET_0,1PGAA,1PGAA,T51S,-3.40,5.50,25.00,
SET_0,1PGAA,1PGAA,T53F,1.01,5.20,25.00,
SET_0,1PGAA,1PGAA,T53I,0.10,5.20,20.00,
SET_0,1PGAA,1PGAA,T53V,-0.80,5.20,25.00,
SET_0,1PGAA,1PGAA,T53Y,0.50,5.20,25.00,
SET_0,1RTBA,1RTBA,F46A,-6.36,6.00,25.00,
SET_0,1RTBA,1RTBA,F46V,-4.54,6.00,25.00,
SET_0,1SHFA,1SHFA,E107F,-1.63,8.00,25.00,
SET_0,1SHFA,1SHFA,E107H,-0.99,8.00,25.00,
SET_0,1SHFA,1SHFA,E107K,-0.97,8.00,25.00,
SET_0,1SHFA,1SHFA,E107L,-2.87,8.00,25.00,
SET_0,1SHFA,1SHFA,E107P,-1.71,8.00,25.00,
SET_0,1SHFA,1SHFA,E107Y,-2.40,8.00,25.00,
SET_0,1SHFA,1SHFA,S124D,-2.02,8.00,25.00,
SET_0,1SHFA,1SHFA,S124F,-1.90,8.00,25.00,
SET_0,1SHFA,1SHFA,S124G,-1.68,8.00,25.00,
SET_0,1SHFA,1SHFA,S124H,-1.25,8.00,25.00,
SET_0,1SHFA,1SHFA,S124L,-0.37,8.00,25.00,
SET_0,1SHFA,1SHFA,S124N,-0.73,8.00,25.00,
SET_0,1SHFA,1SHFA,G128A,-1.84,8.00,25.00,
SET_0,1UWOA,1IGVA,Y13F,-1.19,7.10,25.00,
SET_0,1UWOA,1IGVA,P20G,-1.19,7.10,25.00,
SET_0,1UWOA,1IGVA,F66W,-2.34,7.00,25.00,
SET_0,1UWOA,1IGVA,V70L,-1.20,7.00,25.00,
SET_0,2RN2A,2RN2A,D10A,3.30,5.50,25.00,
SET_0,2RN2A,2RN2A,R27A,-2.20,5.50,25.00,
SET_0,2RN2A,2RN2A,I53A,-2.10,5.50,25.00,
SET_0,2RN2A,2RN2A,H62A,0.37,5.50,25.00,
SET_0,2RN2A,2RN2A,H62P,0.74,5.50,25.00,
SET_0,2RN2A,2RN2A,S68A,0.19,5.50,25.00,
SET_0,2RN2A,2RN2A,S68G,-2.20,5.50,25.00,
SET_0,2RN2A,2RN2A,S68L,-1.00,5.50,25.00,
SET_0,2RN2A,2RN2A,S68T,0.10,5.50,25.00,
SET_0,2RN2A,2RN2A,S68V,1.29,5.50,25.00,
SET_0,2RN2A,2RN2A,H83A,0.11,5.50,25.00,
SET_0,2RN2A,2RN2A,Q105G,-2.20,5.50,25.00,
SET_1,1APSA,1APSA,E29D,-3.47,5.50,28.00,
SET_1,1APSA,1APSA,P54A,-0.45,5.50,28.00,
SET_1,1APSA,1APSA,M61A,-3.97,5.50,28.00,
SET_1,1APSA,1APSA,L65V,-5.35,5.50,28.00,
SET_1,1APSA,1APSA,P71A,-1.60,5.50,28.00,
SET_1,1APSA,1APSA,I75V,-1.41,5.50,28.00,
SET_1,1APSA,1APSA,F94L,-4.33,5.50,28.00,
SET_1,1BNIA,1BNIA,D12A,1.10,6.30,25.00,H102A_background
SET_1,1BNIA,1BNIA,D12G,-1.20,6.30,25.00,H102A_background
SET_1,1BNIA,1BNIA,Y13G,-6.40,6.30,25.00,H102A_background
SET_1,1BNIA,1BNIA,Q15A,-0.20,6.30,25.00,H102A_background
SET_1,1BNIA,1BNIA,Q15G,-1.60,6.30,25.00,H102A_background
SET_1,1BNIA,1BNIA,Y17G,-4.90,6.30,25.00,H102A_background
SET_1,1BNIA,1BNIA,K27A,0.45,6.30,25.00,
SET_1,1BNIA,1BNIA,I55G,-3.10,6.30,25.00,H102A_background
SET_1,1BNIA,1BNIA,R59A,0.64,6.30,25.00,
SET_1,1BNIA,1BNIA,R72G,-2.50,6.30,25.00,H102A_background
SET_1,1BNIA,1BNIA,E73G,-5.40,6.30,25.00,H102A_background
SET_1,1BNIA,1BNIA,I76T,-2.69,6.30,25.00,
SET_1,1BNIA,1BNIA,I88G,-7.40,6.30,25.00,H102A_background
SET_1,1BNIA,1BNIA,L89G,-7.00,6.30,25.00,H102A_background
SET_1,1BNIA,1BNIA,L95G,-4.70,6.30,25.00,H102A_background
SET_1,1BNIA,1BNIA,I96G,-5.70,6.30,25.00,H102A_background
SET_1,1BNIA,1BNIA,Y97G,-6.60,6.30,25.00,H102A_background
SET_1,1BNIA,1BNIA,T100G,-2.80,6.30,25.00,H102A_background
SET_1,1CUNA,1AJ3A,H10A,0.50,7.00,25.00,
SET_1,1CUNA,1AJ3A,I23A,-3.65,7.00,25.00,
SET_1,1CUNA,1AJ3A,E25A,0.10,7.00,25.00,
SET_1,1CUNA,1AJ3A,K26A,0.00,7.00,25.00,
SET_1,1CUNA,1AJ3A,V30A,-0.20,7.00,25.00,
SET_1,1CUNA,1AJ3A,T40A,0.30,7.00,25.00,
SET_1,1CUNA,1AJ3A,V42A,-0.40,7.00,25.00,
SET_1,1CUNA,1AJ3A,N44G,-0.40,7.00,25.00,
SET_1,1CUNA,1AJ3A,L45A,-0.20,7.00,25.00,
SET_1,1CUNA,1AJ3A,K47A,0.40,7.00,25.00,
SET_1,1CUNA,1AJ3A,K47G,-0.50,7.00,25.00,
SET_1,1CUNA,1AJ3A,P61A,0.40,7.00,25.00,
SET_1,1CUNA,1AJ3A,I84A,-2.00,7.00,25.00,
SET_1,1CUNA,1AJ3A,Q86A,0.00,7.00,25.00,
SET_1,1CUNA,1AJ3A,Q86G,-1.30,7.00,25.00,
SET_1,1CUNA,1AJ3A,L88A,-2.80,7.00,25.00,
SET_1,1CUNA,1AJ3A,D93A,0.70,7.00,25.00,
SET_1,1CUNA,1AJ3A,D93G,-0.30,7.00,25.00,
SET_1,1CUNA,1AJ3A,K96A,-0.40,7.00,25.00,
SET_1,1CUNA,1AJ3A,K96G,-1.30,7.00,25.00,
SET_1,1CUNA,1AJ3A,L98A,-3.80,7.00,25.00,
SET_1,1CUNA,1AJ3A,Q107A,0.50,7.00,25.00,
SET_1,1CUNA,1AJ3A,Q107G,-1.30,7.00,25.00,
SET_1,1FLVA,1FLVA,F7L,-0.04,6.00,25.00,apo_form
SET_1,1FLVA,1FLVA,V18I,1.03,7.00,25.00,apo_form
SET_1,1FLVA,1FLVA,V18L,0.60,7.00,25.00,apo_form
SET_1,1FLVA,1FLVA,H34A,-0.83,6.00,25.00,apo_form
SET_1,1FLVA,1FLVA,Y47F,-0.59,6.00,25.00,apo_form
SET_1,1FLVA,1FLVA,V83I,0.13,7.00,25.00,apo_form
SET_1,1FLVA,1FLVA,G87A,-0.13,7.00,25.00,apo_form
SET_1,1FLVA,1FLVA,G87L,-0.64,7.00,25.00,apo_form
SET_1,1FLVA,1FLVA,G87V,-0.13,7.00,25.00,apo_form
SET_1,1FLVA,1FLVA,A101L,0.08,7.00,25.00,apo_form
SET_1,1FLVA,1FLVA,A101V,-0.32,7.00,25.00,apo_form
SET_1,1FLVA,1FTGA,L6A,-3.53,7.00,25.00,
SET_1,1FLVA,1FTGA,V18I,0.27,7.00,25.00,residues_2-149
SET_1,1FLVA,1FTGA,E20K,0.28,7.00,25.00,residues_2-149
SET_1,1FLVA,1FTGA,E20K,1.60,7.00,25.00,
SET_1,1FLVA,1FTGA,I21A,-0.02,7.00,25.00,residues_2-149
SET_1,1FLVA,1FTGA,I21G,0.01,7.00,25.00,residues_2-149
SET_1,1FLVA,1FTGA,V31A,-2.39,7.00,25.00,
SET_1,1FLVA,1FTGA,E40K,0.38,7.00,25.00,residues_2-149
SET_1,1FLVA,1FTGA,E40K,2.21,7.00,25.00,
SET_1,1FLVA,1FTGA,D43A,0.09,7.00,25.00,
SET_1,1FLVA,1FTGA,L50A,0.05,7.00,25.00,residues_2-149
SET_1,1FLVA,1FTGA,I51V,-1.98,7.00,25.00,
SET_1,1FLVA,1FTGA,I52V,-1.38,7.00,25.00,
SET_1,1FLVA,1FTGA,E61K,0.88,7.00,25.00,
SET_1,1FLVA,1FTGA,D65K,-0.26,7.00,25.00,
SET_1,1FLVA,1FTGA,G68A,0.45,7.00,25.00,residues_2-149
SET_1,1FLVA,1FTGA,S71A,-0.65,7.00,25.00,
SET_1,1FLVA,1FTGA,E72K,0.29,7.00,25.00,residues_2-149
SET_1,1FLVA,1FTGA,E72K,1.28,7.00,25.00,
SET_1,1FLVA,1FTGA,D75K,0.31,7.00,25.00,residues_2-149
SET_1,1FLVA,1FTGA,D75K,1.00,7.00,25.00,
SET_1,1FLVA,1FTGA,V83I,0.06,7.00,25.00,residues_2-149
SET_1,1FLVA,1FTGA,A84G,-2.17,7.00,25.00,
SET_1,1FLVA,1FTGA,N97A,-0.83,7.00,25.00,
SET_1,1FLVA,1FTGA,Q99A,0.24,7.00,25.00,residues_2-149
SET_1,1FLVA,1FTGA,Q99A,1.72,7.00,25.00,
SET_1,1FLVA,1FTGA,A101V,0.22,7.00,25.00,residues_2-149
SET_1,1FLVA,1FTGA,I104V,-0.67,7.00,25.00,
SET_1,1FLVA,1FTGA,E107A,0.23,7.00,25.00,residues_2-149
SET_1,1FLVA,1FTGA,S110A,-1.03,7.00,25.00,
SET_1,1FLVA,1FTGA,Q111G,0.10,7.00,25.00,residues_2-149
SET_1,1FLVA,1FTGA,V117A,-2.05,7.00,25.00,
SET_1,1FLVA,1FTGA,T122S,-0.37,7.00,25.00,
SET_1,1FLVA,1FTGA,D126K,1.01,7.00,25.00,
SET_1,1FLVA,1FTGA,V139A,-1.51,7.00,25.00,
SET_1,1FLVA,1FTGA,L143A,-0.14,7.00,25.00,
SET_1,1FLVA,1FTGA,D150K,-0.28,7.00,25.00,
SET_1,1FLVA,1FTGA,I156V,-3.60,7.00,25.00,
SET_1,1FLVA,1FTGA,V160A,-2.46,7.00,25.00,
SET_1,1LS4A,1LS4A,L17K,-1.36,7.40,25.00,
SET_1,1LS4A,1LS4A,T31A,0.60,7.40,25.00,
SET_1,1LS4A,1LS4A,A140K,-1.69,7.40,25.00,
SET_1,1LS4A,1LS4A,T144A,-1.32,7.40,25.00,
SET_1,1OIAA,1OIAA,Y78D,-5.10,7.00,22.00,
SET_1,1OIAA,1OIAA,Y78F,0.00,7.00,22.00,
SET_1,1OIAA,1OIAA,Y86T,-2.90,7.00,22.00,
SET_1,1ONCA,1ONCA,F28T,-5.31,5.50,20.00,
SET_1,1RISA,1RISA,I8A,-2.90,8.00,25.00,
SET_1,1RISA,1RISA,L21A,1.20,8.00,25.00,
SET_1,1RISA,1RISA,Y33A,0.60,8.00,25.00,
SET_1,1RISA,1RISA,L48A,-0.30,8.00,25.00,
SET_1,1RISA,1RISA,F60A,0.30,8.00,25.00,
SET_1,1RISA,1RISA,L75A,-0.70,8.00,25.00,
SET_1,1RISA,1RISA,L79A,-2.70,8.00,25.00,
SET_1,1W4HA,1W4HA,A130G,-0.04,7.00,25.00,H142W_background
SET_1,1W4HA,1W4HA,L131A,-0.94,7.00,25.00,H142W_background
SET_1,1W4HA,1W4HA,S132G,-0.47,7.00,25.00,H142W_background
SET_1,1W4HA,1W4HA,P133A,0.38,7.00,25.00,H142W_background
SET_1,1W4HA,1W4HA,A134G,-0.37,7.00,25.00,H142W_background
SET_1,1W4HA,1W4HA,I135A,-1.63,7.00,25.00,H142W_background
SET_1,1W4HA,1W4HA,I135V,-0.03,7.00,25.00,H142W_background
SET_1,1W4HA,1W4HA,L138A,-1.67,7.00,25.00,H142W_background
SET_1,1W4HA,1W4HA,L139A,-3.50,7.00,25.00,H142W_background
SET_1,1W4HA,1W4HA,A140G,-1.02,7.00,25.00,H142W_background
SET_1,1W4HA,1W4HA,L144A,-1.90,7.00,25.00,H142W_background
SET_1,1W4HA,1W4HA,A146G,-0.58,7.00,25.00,H142W_background
SET_1,1W4HA,1W4HA,A148G,-0.43,7.00,25.00,H142W_background
SET_1,1W4HA,1W4HA,I149V,-0.75,7.00,25.00,H142W_background
SET_1,1W4HA,1W4HA,T152A,-1.36,7.00,25.00,H142W_background
SET_1,1W4HA,1W4HA,T152S,-0.29,7.00,25.00,H142W_background
SET_1,1W4HA,1W4HA,V154G,-0.84,7.00,25.00,H142W_background
SET_1,1W4HA,1W4HA,L158A,-2.12,7.00,25.00,H142W_background
SET_1,1W4HA,1W4HA,T159S,-1.63,7.00,25.00,H142W_background
SET_1,1W4HA,1W4HA,D162N,-3.10,7.00,25.00,H142W_background
SET_1,1W4HA,1W4HA,V163A,-2.02,7.00,25.00,H142W_background
SET_1,1W4HA,1W4HA,H166A,0.06,7.00,25.00,H142W_background
SET_1,1W4HA,1W4HA,H166G,-1.58,7.00,25.00,H142W_background
SET_1,1W4HA,1W4HA,L167A,-0.57,7.00,25.00,H142W_background
SET_1,1W4HA,1W4HA,L167A,-1.18,7.00,25.00,L131W_background
SET_1,1W4HA,1W4HA,A168G,-0.07,7.00,25.00,H142W_background
SET_1,2TRXA,2TRXA,D26I,3.10,7.00,25.00,
SET_1,2TRXA,2TRXA,P34S,-0.10,7.00,25.00,
SET_1,2TRXA,2TRXA,T66L,-1.40,7.00,25.00,
SET_1,2TRXA,2TRXA,P76A,-3.90,7.00,25.00,
SET_1,3D2AA,3D2AA,M134E,0.66,7.20,25.00,
SET_1,3D2AA,3D2AA,M137P,0.98,7.20,25.00,
SET_1,3D2AA,3D2AA,S163P,-0.25,7.20,25.00,
SET_2,1BNLA,1BNLA,D76A,-0.82,7.40,20.00,apo_form
SET_2,1EY0A,1STNA,L7V,-1.40,7.00,20.00,
SET_2,1EY0A,1STNA,K9F,-1.20,7.00,20.00,
SET_2,1EY0A,1STNA,P11A,-0.40,7.00,20.00,
SET_2,1EY0A,1STNA,P11F,-0.60,7.00,20.00,
SET_2,1EY0A,1STNA,P11G,-1.00,7.00,20.00,
SET_2,1EY0A,1STNA,T13C,-1.40,7.00,20.00,
SET_2,1EY0A,1STNA,L14V,-1.50,7.00,20.00,
SET_2,1EY0A,1STNA,I15M,-0.30,7.00,20.00,
SET_2,1EY0A,1STNA,D19F,-1.50,7.00,20.00,
SET_2,1EY0A,1STNA,D21K,1.00,7.00,20.00,
SET_2,1EY0A,1STNA,T22I,-0.70,7.00,20.00,
SET_2,1EY0A,1STNA,V23G,-5.60,7.00,20.00,
SET_2,1EY0A,1STNA,V23I,-0.20,7.00,20.00,
SET_2,1EY0A,1STNA,V23L,-0.10,7.00,20.00,
SET_2,1EY0A,1STNA,K24F,-0.60,7.00,20.00,
SET_2,1EY0A,1STNA,L25A,-2.70,7.00,20.00,
SET_2,1EY0A,1STNA,Y27C,-2.90,7.00,20.00,
SET_2,1EY0A,1STNA,Y27D,-5.40,7.00,20.00,
SET_2,1EY0A,1STNA,Y27E,-5.00,7.00,20.00,
SET_2,1EY0A,1STNA,Y27G,-5.45,7.00,20.00,
SET_2,1EY0A,1STNA,Y27P,-6.10,7.00,20.00,
SET_2,1EY0A,1STNA,G29V,-3.00,7.00,20.00,
SET_2,1EY0A,1STNA,P31A,-0.50,7.00,20.00,
SET_2,1EY0A,1STNA,P31G,-1.60,7.00,20.00,
SET_2,1EY0A,1STNA,T33C,-1.20,7.00,20.00,
SET_2,1EY0A,1STNA,F34G,-6.20,7.00,20.00,
SET_2,1EY0A,1STNA,L36V,-3.50,7.00,20.00,
SET_2,1EY0A,1STNA,L37I,-2.00,7.00,20.00,
SET_2,1EY0A,1STNA,V39I,0.10,7.00,20.00,
SET_2,1EY0A,1STNA,V39L,-0.90,7.00,20.00,
SET_2,1EY0A,1STNA,T41I,0.70,7.00,20.00,
SET_2,1EY0A,1STNA,P42A,0.10,7.00,20.00,
SET_2,1EY0A,1STNA,P42G,-0.40,7.00,20.00,
SET_2,1EY0A,1STNA,T44C,-0.20,7.00,20.00,
SET_2,1EY0A,1STNA,P47A,-0.60,7.00,20.00,
SET_2,1EY0A,1STNA,P47F,-0.30,7.00,20.00,
SET_2,1EY0A,1STNA,P47G,-0.10,7.00,20.00,
SET_2,1EY0A,1STNA,V51L,-0.20,7.00,20.00,
SET_2,1EY0A,1STNA,Y54F,-0.50,7.00,20.00,
SET_2,1EY0A,1STNA,G55V,-1.80,7.00,20.00,
SET_2,1EY0A,1STNA,P56A,0.00,7.00,20.00,
SET_2,1EY0A,1STNA,P56G,-1.00,7.00,20.00,
SET_2,1EY0A,1STNA,K63Q,-1.00,7.00,20.00,
SET_2,1EY0A,1STNA,M65F,-1.60,7.00,20.00,
SET_2,1EY0A,1STNA,M65I,-1.50,7.00,20.00,
SET_2,1EY0A,1STNA,V66I,-1.00,7.00,20.00,
SET_2,1EY0A,1STNA,V66K,-5.20,8.80,20.00,
SET_2,1EY0A,1STNA,K70E,-0.40,7.00,20.00,
SET_2,1EY0A,1STNA,I72A,-5.10,7.00,20.00,
SET_2,1EY0A,1STNA,I72G,-6.50,7.00,20.00,
SET_2,1EY0A,1STNA,I72L,-0.20,7.00,20.00,
SET_2,1EY0A,1STNA,V74G,-6.60,7.00,20.00,
SET_2,1EY0A,1STNA,V74L,-1.20,7.00,20.00,
SET_2,1EY0A,1STNA,V74S,-5.40,7.00,20.00,
SET_2,1EY0A,1STNA,D77K,-3.50,7.00,20.00,
SET_2,1EY0A,1STNA,K78Q,-0.10,7.00,20.00,
SET_2,1EY0A,1STNA,T82C,-0.10,7.00,20.00,
SET_2,1EY0A,1STNA,T82I,0.50,7.00,20.00,
SET_2,1EY0A,1STNA,D83F,-5.20,7.00,20.00,
SET_2,1EY0A,1STNA,K84Q,-0.10,7.00,20.00,
SET_2,1EY0A,1STNA,G86F,-2.00,7.00,20.00,
SET_2,1EY0A,1STNA,L89I,-1.10,7.00,20.00,
SET_2,1EY0A,1STNA,Y91A,-5.30,7.00,20.00,
SET_2,1EY0A,1STNA,Y91G,-6.70,7.00,20.00,
SET_2,1EY0A,1STNA,I92G,-6.60,7.00,20.00,
SET_2,1EY0A,1STNA,I92M,-1.60,7.00,20.00,
SET_2,1EY0A,1STNA,Y93A,-6.50,7.00,20.00,
SET_2,1EY0A,1STNA,Y93G,-7.50,7.00,20.00,
SET_2,1EY0A,1STNA,D95F,-5.30,7.00,20.00,
SET_2,1EY0A,1STNA,G96F,-3.00,7.00,20.00,
SET_2,1EY0A,1STNA,G96V,-3.70,7.00,20.00,
SET_2,1EY0A,1STNA,V99G,-5.00,7.00,20.00,
SET_2,1EY0A,1STNA,V99S,-5.10,7.00,20.00,
SET_2,1EY0A,1STNA,N100A,-5.20,7.00,20.00,
SET_2,1EY0A,1STNA,L103G,-6.60,7.00,20.00,
SET_2,1EY0A,1STNA,V104G,-6.50,7.00,20.00,
SET_2,1EY0A,1STNA,V104I,0.20,7.00,20.00,
SET_2,1EY0A,1STNA,R105C,-2.70,7.00,20.00,
SET_2,1EY0A,1STNA,L108A,-5.80,7.00,20.00,
SET_2,1EY0A,1STNA,L108G,-7.20,7.00,20.00,
SET_2,1EY0A,1STNA,L108V,-3.90,7.00,20.00,
SET_2,1EY0A,1STNA,V111I,-0.70,7.00,20.00,
SET_2,1EY0A,1STNA,V111L,-0.90,7.00,20.00,
SET_2,1EY0A,1STNA,V114I,-0.10,7.00,20.00,
SET_2,1EY0A,1STNA,P117A,0.80,7.00,20.00,
SET_2,1EY0A,1STNA,P117F,0.30,7.00,20.00,
SET_2,1EY0A,1STNA,P117G,0.90,7.00,20.00,
SET_2,1EY0A,1STNA,P117L,0.20,7.00,20.00,
SET_2,1EY0A,1STNA,H124E,0.20,7.00,20.00,
SET_2,1EY0A,1STNA,L125G,-7.00,7.00,20.00,
SET_2,1EY0A,1STNA,L125I,-1.00,7.00,20.00,
SET_2,1EY0A,1STNA,L137V,-1.40,7.00,20.00,
SET_2,1EY0A,1STNA,I139L,-0.10,7.00,20.00,
SET_2,1EY0A,1STNA,W140F,-0.60,7.00,20.00,P47G/P117G/H124L_background
SET_2,1EY0A,1STNA,W140H,-0.40,7.00,20.00,P47G/P117G/H124L_background
SET_2,1EY0A,1STNA,W140L,-4.50,7.00,20.00,P47G/P117G/H124L_background
SET_2,1EY0A,1STNA,W140Y,-1.10,7.00,20.00,P47G/P117G/H124L_background
SET_2,1EY0A,1STNA,S141A,-0.40,7.00,20.00,
SET_2,1HZ6A,1HZ6A,V4A,-1.32,7.00,22.00,
SET_2,1HZ6A,1HZ6A,T5A,-1.76,7.00,22.00,
SET_2,1HZ6A,1HZ6A,I6A,-4.50,7.00,22.00,
SET_2,1HZ6A,1HZ6A,K7A,-0.90,7.00,22.00,
SET_2,1HZ6A,1HZ6A,A8G,-2.35,7.00,22.00,
SET_2,1HZ6A,1HZ6A,N9A,-1.75,7.00,22.00,
SET_2,1HZ6A,1HZ6A,L10A,-2.69,7.00,22.00,
SET_2,1HZ6A,1HZ6A,I11A,-1.26,7.00,22.00,
SET_2,1HZ6A,1HZ6A,I11V,-0.43,7.00,22.00,
SET_2,1HZ6A,1HZ6A,F12A,-2.91,7.00,22.00,
SET_2,1HZ6A,1HZ6A,F12L,-0.55,7.00,22.00,
SET_2,1HZ6A,1HZ6A,A13P,-0.05,7.00,22.00,
SET_2,1HZ6A,1HZ6A,A13V,-1.08,7.00,22.00,
SET_2,1HZ6A,1HZ6A,N14A,-1.72,7.00,22.00,
SET_2,1HZ6A,1HZ6A,G15A,-1.58,7.00,22.00,
SET_2,1HZ6A,1HZ6A,G15V,-2.70,7.00,22.00,
SET_2,1HZ6A,1HZ6A,S16A,-0.22,7.00,22.00,
SET_2,1HZ6A,1HZ6A,T17A,-1.17,7.00,22.00,
SET_2,1HZ6A,1HZ6A,T19A,-1.01,7.00,22.00,
SET_2,1HZ6A,1HZ6A,A20G,-2.15,7.00,22.00,
SET_2,1HZ6A,1HZ6A,A20V,1.12,7.00,22.00,
SET_2,1HZ6A,1HZ6A,E21A,-0.66,7.00,22.00,
SET_2,1HZ6A,1HZ6A,F22A,-5.25,7.00,22.00,
SET_2,1HZ6A,1HZ6A,F22L,-3.27,7.00,22.00,
SET_2,1HZ6A,1HZ6A,K23A,-0.93,7.00,22.00,
SET_2,1HZ6A,1HZ6A,G24A,-1.94,7.00,22.00,
SET_2,1HZ6A,1HZ6A,T25A,-1.10,7.00,22.00,
SET_2,1HZ6A,1HZ6A,F26G,-3.15,7.00,22.00,
SET_2,1HZ6A,1HZ6A,F26L,-0.42,7.00,22.00,
SET_2,1HZ6A,1HZ6A,K28G,-0.02,7.00,22.00,
SET_2,1HZ6A,1HZ6A,A29G,-2.49,7.00,22.00,
SET_2,1HZ6A,1HZ6A,T30A,-1.17,7.00,22.00,
SET_2,1HZ6A,1HZ6A,S31A,0.34,7.00,22.00,
SET_2,1HZ6A,1HZ6A,S31G,-0.78,7.00,22.00,
SET_2,1HZ6A,1HZ6A,E32G,-1.09,7.00,22.00,
SET_2,1HZ6A,1HZ6A,E32I,-1.13,7.00,22.00,
SET_2,1HZ6A,1HZ6A,A33G,-3.34,7.00,22.00,
SET_2,1HZ6A,1HZ6A,Y34A,-2.81,7.00,22.00,
SET_2,1HZ6A,1HZ6A,A35G,-1.22,7.00,22.00,
SET_2,1HZ6A,1HZ6A,Y36A,-2.49,7.00,22.00,
SET_2,1HZ6A,1HZ6A,A37G,-3.29,7.00,22.00,
SET_2,1HZ6A,1HZ6A,D38A,-1.05,7.00,22.00,
SET_2,1HZ6A,1HZ6A,D38G,-1.95,7.00,22.00,
SET_2,1HZ6A,1HZ6A,T39G,-0.23,7.00,22.00,
SET_2,1HZ6A,1HZ6A,L40A,-2.25,7.00,22.00,
SET_2,1HZ6A,1HZ6A,K41A,0.40,7.00,22.00,
SET_2,1HZ6A,1HZ6A,K42A,0.14,7.00,22.00,
SET_2,1HZ6A,1HZ6A,N44A,-0.36,7.00,22.00,
SET_2,1HZ6A,1HZ6A,G45A,-1.92,7.00,22.00,
SET_2,1HZ6A,1HZ6A,E46A,-0.16,7.00,22.00,
SET_2,1HZ6A,1HZ6A,T48A,-1.25,7.00,22.00,
SET_2,1HZ6A,1HZ6A,V49A,-0.91,7.00,22.00,
SET_2,1HZ6A,1HZ6A,D50A,-0.08,7.00,22.00,
SET_2,1HZ6A,1HZ6A,V51A,-0.98,7.00,22.00,
SET_2,1HZ6A,1HZ6A,A52G,-0.57,7.00,22.00,
SET_2,1HZ6A,1HZ6A,K54A,-0.11,7.00,22.00,
SET_2,1HZ6A,1HZ6A,G55A,-2.12,7.00,22.00,
SET_2,1HZ6A,1HZ6A,Y56A,-1.51,7.00,22.00,
SET_2,1MGRA,1MGRA,Y54F,-2.60,7.00,25.00,
SET_2,1MGRA,1MGRA,Y84F,-1.00,7.00,25.00,
SET_2,1MGRA,1RGGA,D25H,0.90,7.00,25.00,
SET_2,1MGRA,1RGGA,Y30F,0.40,7.00,25.00,
SET_2,1MGRA,1RGGA,R40E,-0.40,7.00,25.00,
SET_2,1MGRA,1RGGA,E41K,-1.20,7.00,25.00,
SET_2,1MGRA,1RGGA,Y55F,-0.60,7.00,25.00,
SET_2,1MGRA,1RGGA,E74K,1.10,7.00,25.00,
SET_2,1MGRA,1RGGA,Y80F,-1.50,7.00,25.00,
SET_2,1MJCA,1CSPA,E3R,0.88,7.00,25.00,
SET_2,1MJCA,1CSPA,F15A,-2.27,7.00,25.00,
SET_2,1MJCA,1CSPA,F17A,-1.53,7.00,25.00,
SET_2,1MJCA,1CSPA,F27A,-0.76,7.00,25.00,
SET_2,1MJCA,1CSPA,F38A,0.15,7.00,25.00,
SET_2,1MJCA,1CSPA,E66L,1.34,7.00,25.00,
SET_2,1MJCA,1MJCA,F20L,-0.31,7.00,25.00,
SET_2,1MJCA,1MJCA,F20S,-1.16,7.00,25.00,
SET_2,1MJCA,1MJCA,F31S,-1.03,7.00,25.00,
SET_2,1MJCA,1MJCA,S52W,-0.20,7.00,25.00,
SET_2,2CI2I,2CI2I,E33N,-0.28,6.30,25.00,
SET_2,2CI2I,2CI2I,L51V,-1.02,6.30,25.00,
SET_2,2CI2I,2CI2I,R67A,-1.21,7.00,30.00,
SET_2,2CI2I,2CI2I,F69L,-1.92,6.30,25.00,
SET_2,2Q98A,2Q98A,H27A,0.09,5.80,25.00,
SET_2,2Q98A,2Q98A,H30A,3.10,5.80,25.00,
SET_2,2Q98A,2Q98A,H46A,-0.11,5.80,25.00,
SET_2,2Q98A,2Q98A,H59A,2.26,5.80,25.00,
SET_2,2Q98A,2Q98A,H97A,1.07,5.80,25.00,
SET_2,2Q98A,2Q98A,H138A,2.04,5.80,25.00,
SET_2,2Q98A,2Q98A,H173A,0.24,5.80,25.00,
SET_2,2Q98A,2Q98A,H180A,1.39,5.80,25.00,
SET_2,2Q98A,2Q98A,H195A,-0.03,5.80,25.00,
SET_3,1BVCA,1BVCA,L11A,-0.60,5.00,25.00,apo_form
SET_3,1BVCA,1BVCA,V13A,0.00,5.00,25.00,apo_form
SET_3,1BVCA,1BVCA,A15L,0.10,5.00,25.00,apo_form
SET_3,1BVCA,1BVCA,I28A,-2.06,6.00,25.00,apo_form
SET_3,1BVCA,1BVCA,L29A,-0.39,6.00,25.00,apo_form
SET_3,1BVCA,1BVCA,I30A,-1.90,6.00,25.00,apo_form
SET_3,1BVCA,1BVCA,L32A,-2.04,6.00,25.00,apo_form
SET_3,1BVCA,1BVCA,F106A,-0.70,5.00,25.00,apo_form
SET_3,1BVCA,1BVCA,L115A,-1.40,5.00,25.00,apo_form
SET_3,1BVCA,1BVCA,F123A,-1.10,5.00,25.00,apo_form
SET_3,1BVCA,1BVCA,A125L,0.60,5.00,25.00,apo_form
SET_3,1BVCA,1BVCA,L135A,-1.70,5.00,25.00,apo_form
SET_3,1BVCA,1BVCA,L137A,-0.30,5.00,25.00,apo_form
SET_3,1BVCA,1BVCA,A144L,0.40,5.00,25.00,apo_form
SET_3,1DILA,1DILA,A53L,0.81,7.00,25.00,
SET_3,1DILA,1DILA,A69V,0.62,7.00,25.00,
SET_3,1HMEA,1HMEA,G35H,-0.34,7.00,20.00,
SET_3,1RG8A,2AFGA,C16S,-2.89,6.60,25.00,
SET_3,1RG8A,2AFGA,H21Y,1.01,7.30,20.00,
SET_3,1RG8A,2AFGA,V31I,-0.96,6.60,25.00,
SET_3,1RG8A,2AFGA,L44F,0.87,7.30,20.00,
SET_3,1RG8A,2AFGA,L44W,0.57,6.60,25.00,
SET_3,1RG8A,2AFGA,F85W,0.01,6.60,25.00,
SET_3,1RG8A,2AFGA,H102Y,0.44,7.30,20.00,
SET_3,1RG8A,2AFGA,N106G,0.38,6.60,25.00,
SET_3,1RG8A,2AFGA,F108Y,0.94,7.30,20.00,
SET_3,1RG8A,2AFGA,V109I,0.06,7.30,20.00,
SET_3,1RG8A,2AFGA,C117I,-0.36,6.60,25.00,
SET_3,1RG8A,2AFGA,F132W,0.33,6.60,25.00,
SET_3,1SHGA,1SHGA,Y13F,-2.53,7.00,25.00,
SET_3,1SHGA,1SHGA,K18F,-2.33,7.00,25.00,
SET_3,1SHGA,1SHGA,Y57F,-2.57,7.00,25.00,
SET_3,1TENA,1TENA,Y869A,-1.88,5.00,25.00,
SET_3,1TITA,1TITA,Y9F,-0.40,7.40,25.00,
SET_3,1TITA,1TITA,Y9G,-0.80,7.40,25.00,
SET_3,1TITA,1TITA,Y9P,-2.20,7.40,25.00,
SET_3,1TITA,1TITA,Y9S,-0.20,7.40,25.00,
SET_3,1TITA,1TITA,L41A,-2.67,7.40,25.00,residues_25-89
SET_3,1TITA,1TITA,L58A,-3.61,7.40,25.00,residues_25-89
SET_3,1TITA,1TITA,L60A,-5.27,7.40,25.00,residues_25-89
SET_3,1TITA,1TITA,C63S,-5.43,7.30,25.00,
SET_3,1TITA,1TITA,F73L,-3.06,7.40,25.00,residues_25-89
SET_3,1TITA,1TITA,V86A,-4.78,7.40,25.00,residues_25-89
SET_3,2LZMA,2LZMA,M6I,-4.78,7.00,22.00,
SET_3,2LZMA,2LZMA,L7A,-4.10,6.00,25.00,C54T/C97A_background
SET_3,2LZMA,2LZMA,I27A,-3.90,6.00,25.00,C54T/C97A_background
SET_3,2LZMA,2LZMA,P37A,0.00,7.00,22.00,
SET_3,2LZMA,2LZMA,S38D,-1.20,7.00,22.00,
SET_3,2LZMA,2LZMA,A42G,-3.20,6.00,25.00,C54T/C97A_background
SET_3,2LZMA,2LZMA,I50A,-2.90,6.00,25.00,C54T/C97A_background
SET_3,2LZMA,2LZMA,G51D,-2.63,7.00,22.00,
SET_3,2LZMA,2LZMA,C54Y,-5.02,7.00,22.00,
SET_3,2LZMA,2LZMA,I58Y,-3.11,7.00,22.00,
SET_3,2LZMA,2LZMA,L66P,-7.12,7.00,25.00,
SET_3,2LZMA,2LZMA,G77A,-1.20,7.00,22.00,
SET_3,2LZMA,2LZMA,A82P,-0.72,7.00,22.00,
SET_3,2LZMA,2LZMA,P86G,-1.91,7.00,22.00,
SET_3,2LZMA,2LZMA,V87A,-2.80,6.00,25.00,C54T/C97A_background
SET_3,2LZMA,2LZMA,L91P,-8.13,7.00,22.00,
SET_3,2LZMA,2LZMA,Q105G,-3.11,7.00,22.00,
SET_3,2LZMA,2LZMA,R119E,0.00,5.30,25.00,
SET_3,2LZMA,2LZMA,L121A,-4.20,6.00,25.00,C54T/C97A_background
SET_3,2LZMA,2LZMA,W126R,-5.74,7.00,22.00,
SET_3,2LZMA,2LZMA,A130G,-2.10,6.00,25.00,C54T/C97A_background
SET_3,2LZMA,2LZMA,K135E,-1.00,5.30,25.00,
SET_3,2LZMA,2LZMA,A146I,-4.31,7.00,22.00,
SET_3,2LZMA,2LZMA,A146T,-2.87,7.00,22.00,
SET_3,2LZMA,2LZMA,K147E,-0.70,5.30,25.00,
SET_3,2LZMA,2LZMA,I150V,-2.10,6.00,25.00,C54T/C97A_background
SET_3,2LZMA,2LZMA,F153C,-3.11,7.00,22.00,
SET_3,2LZMA,2LZMA,G156D,-4.07,7.00,22.00,
SET_3,2LZMA,2LZMA,A160T,-4.55,7.00,22.00,
SET_3,3MBPA,3MBPA,W10A,-4.30,7.60,25.00,
SET_3,3MBPA,3MBPA,P48S,-0.30,7.10,22.00,
SET_3,3MBPA,3MBPA,I59A,-1.20,8.00,25.00,
SET_3,3MBPA,3MBPA,I108A,-3.15,8.00,25.00,
SET_3,3MBPA,3MBPA,L115A,-3.10,8.00,25.00,
SET_3,3MBPA,3MBPA,P133S,0.00,7.10,22.00,
SET_3,3MBPA,3MBPA,L147A,-3.00,8.00,25.00,
SET_3,3MBPA,3MBPA,P159A,-1.00,7.10,22.00,
SET_3,3MBPA,3MBPA,P159S,-1.70,7.10,22.00,
SET_3,3MBPA,3MBPA,I161A,-3.25,8.00,25.00,
SET_3,3MBPA,3MBPA,L192A,-3.10,8.00,25.00,
SET_3,3MBPA,3MBPA,L195A,-4.20,8.00,25.00,
SET_3,3MBPA,3MBPA,I226A,-4.95,8.00,25.00,
SET_3,3MBPA,3MBPA,V347A,-2.00,8.00,25.00,
SET_3,3MBPA,3MBPA,L361A,-2.00,8.00,25.00,
SET_4,1DIVA,1DIVA,M1A,-1.46,5.50,25.00,residues_1-56
SET_4,1DIVA,1DIVA,M1G,-2.36,5.50,25.00,residues_1-56
SET_4,1DIVA,1DIVA,V3A,-2.55,5.50,25.00,residues_1-56
SET_4,1DIVA,1DIVA,V3I,-0.31,5.50,25.00,residues_1-56
SET_4,1DIVA,1DIVA,V3L,-2.21,5.50,25.00,residues_1-56
SET_4,1DIVA,1DIVA,I4A,-2.22,5.50,25.00,residues_1-56
SET_4,1DIVA,1DIVA,I4V,-0.59,5.50,25.00,residues_1-56
SET_4,1DIVA,1DIVA,L6A,-3.10,5.50,25.00,residues_1-56
SET_4,1DIVA,1DIVA,L6I,-0.13,5.50,25.00,residues_1-56
SET_4,1DIVA,1DIVA,L6V,-0.41,5.50,25.00,residues_1-56
SET_4,1DIVA,1DIVA,K7M,0.35,5.50,25.00,residues_1-56
SET_4,1DIVA,1DIVA,D8N,-0.30,5.50,25.00,residues_1-56
SET_4,1DIVA,1DIVA,K10M,0.05,5.50,25.00,residues_1-56
SET_4,1DIVA,1DIVA,K12M,1.90,5.40,25.00,residues_1-56
SET_4,1DIVA,1DIVA,K14M,0.01,5.50,25.00,residues_1-56
SET_4,1DIVA,1DIVA,K15M,-0.31,5.50,25.00,residues_1-56
SET_4,1DIVA,1DIVA,E17Q,-0.21,5.50,25.00,residues_1-56
SET_4,1DIVA,1DIVA,V21A,-2.33,5.50,25.00,residues_1-56
SET_4,1DIVA,1DIVA,V21I,-0.40,5.50,25.00,residues_1-56
SET_4,1DIVA,1DIVA,V21L,-1.23,5.50,25.00,residues_1-56
SET_4,1DIVA,1DIVA,D23A,-0.49,5.40,25.00,residues_1-56
SET_4,1DIVA,1DIVA,D23N,-0.72,5.40,25.00,residues_1-56
SET_4,1DIVA,1DIVA,L30A,-2.76,5.50,25.00,residues_1-56
SET_4,1DIVA,1DIVA,L30V,-3.62,5.50,25.00,residues_1-56
SET_4,1DIVA,1DIVA,E38Q,-0.56,5.50,25.00,residues_1-56
SET_4,1DIVA,1DIVA,E48Q,0.03,5.50,25.00,residues_1-56
SET_4,1DIVA,1DIVA,E54Q,0.33,5.50,25.00,residues_1-56
SET_4,1DIVA,1DIVA,H106Q,-0.95,5.50,25.00,residues_57-149
SET_4,1DIVA,1DIVA,H134Q,-0.66,5.50,25.00,residues_57-149
SET_4,1DIVA,1DIVA,H144Q,-0.69,5.50,25.00,residues_57-149
SET_4,1EL1A,4LYZA,I55T,-3.30,5.00,25.00,
SET_4,1FNFA,1FNFA,L1408P,-0.02,7.00,25.00,
SET_4,1FNFA,1TTGA,P5A,0.11,5.00,25.00,
SET_4,1FNFA,1TTGA,P25A,-0.48,5.00,25.00,
SET_4,1FNFA,1TTGA,I34V,-0.41,5.00,25.00,
SET_4,1FNFA,1TTGA,V50A,-2.42,5.00,25.00,
SET_4,1FNFA,1TTGA,P64A,-0.41,5.00,25.00,
SET_4,1FNFA,1TTGA,P82A,-0.42,5.00,25.00,
SET_4,1FNFA,1TTGA,P87A,-0.21,5.00,25.00,
SET_4,1HMSA,1IFBA,W6Y,-0.93,7.00,25.00,
SET_4,1HMSA,1IFBA,F68A,1.38,7.00,25.00,
SET_4,1HMSA,1IFBA,W82Y,0.09,7.00,25.00,
SET_4,1HMSA,1IFBA,F93A,-2.42,7.00,25.00,
SET_4,1HMSA,2HMBA,F16Y,-3.44,8.00,25.00,
SET_4,1HMSA,2HMBA,T40E,-3.27,8.00,25.00,
SET_4,1HMSA,2HMBA,T40Q,-4.37,8.00,25.00,
SET_4,1HMSA,2HMBA,T40V,-1.84,8.00,25.00,
SET_4,1HMSA,2HMBA,F57S,-3.63,8.00,25.00,
SET_4,1HMSA,2HMBA,R106T,-3.54,8.00,25.00,
SET_4,1HMSA,2HMBA,R126K,-4.66,8.00,25.00,
SET_4,1HMSA,2HMBA,R126Q,-0.62,8.00,25.00,
SET_4,1HMSA,2HMBA,Y128F,-3.82,8.00,25.00,
SET_4,1HMSA,2IFBA,I23C,0.91,7.20,20.00,
SET_4,1HMSA,2IFBA,S53C,0.58,7.20,20.00,
SET_4,1HMSA,2IFBA,V60C,0.80,7.20,20.00,
SET_4,1HMSA,2IFBA,V60N,-0.76,7.00,25.00,
SET_4,1HMSA,2IFBA,L64A,-2.07,7.40,20.00,
SET_4,1HMSA,2IFBA,L64G,-2.63,7.40,20.00,
SET_4,1HMSA,2IFBA,G65A,-1.33,7.40,20.00,
SET_4,1HMSA,2IFBA,L72C,-0.14,7.20,20.00,
SET_4,1HMSA,2IFBA,L89C,-0.60,7.20,20.00,
SET_4,1HMSA,2IFBA,A104C,2.54,7.20,20.00,
SET_4,1MSIA,1MSIA,E25A,-0.02,7.00,25.00,
SET_4,1MSIA,1MSIA,R47A,-0.56,7.00,25.00,
SET_4,1MSIA,1MSIA,D58N,-0.06,7.00,25.00,
SET_4,1ZNJA,1ZNJA,T8A,0.16,8.00,25.00,
SET_4,1ZNJA,1ZNJA,T8H,1.76,8.00,25.00,
SET_4,1ZNJA,1ZNJA,T8R,1.25,8.00,25.00,
SET_4,3BLSA,3BLSA,Y150F,-1.00,6.80,25.00,
SET_4,3PGKA,3PGKA,H388Q,-0.84,6.50,25.00,
